Emote,ID,Image URL
labas,01GX6M9TRR000DJJ63WGMEA4Z8,https://cdn.7tv.app/emote/01GX6M9TRR000DJJ63WGMEA4Z8/4x.webp
buh,01GQFT1WF80002Q9KS8SKQMHHY,https://cdn.7tv.app/emote/01GQFT1WF80002Q9KS8SKQMHHY/4x.webp
uuh,01H0405680000AJFXTYVX2PNJ7,https://cdn.7tv.app/emote/01H0405680000AJFXTYVX2PNJ7/4x.webp
lturepSmile,01GXDPB3KR000DACH8GVDFEMPM,https://cdn.7tv.app/emote/01GXDPB3KR000DACH8GVDFEMPM/4x.webp
LithuaniaCat,01HHFTRYB00008518RN3R8EZ5Y,https://cdn.7tv.app/emote/01HHFTRYB00008518RN3R8EZ5Y/4x.webp
peepoShy,01GK4EW2AG0004SH49XX2J74KJ,https://cdn.7tv.app/emote/01GK4EW2AG0004SH49XX2J74KJ/4x.webp
DIESOFCRINGE,01FCX95ZG80009QXBMY7YYTVBJ,https://cdn.7tv.app/emote/01FCX95ZG80009QXBMY7YYTVBJ/4x.webp
xdd,01FF3R5C30000FF5VVCKV49G6J,https://cdn.7tv.app/emote/01FF3R5C30000FF5VVCKV49G6J/4x.webp
Cool,01G3E8EC580004KFXXGTW7QDKM,https://cdn.7tv.app/emote/01G3E8EC580004KFXXGTW7QDKM/4x.webp
monkaSTEER,01F6NMEF1R000AAS5FM9QEG8S3,https://cdn.7tv.app/emote/01F6NMEF1R000AAS5FM9QEG8S3/4x.webp
5Head,01F6NPFQXG000AAS5FM9Q6GVCC,https://cdn.7tv.app/emote/01F6NPFQXG000AAS5FM9Q6GVCC/4x.webp
Clueless,01F6T8NM9R0007M5BTFWSP1YSJ,https://cdn.7tv.app/emote/01F6T8NM9R0007M5BTFWSP1YSJ/4x.webp
Aware,01FFWH9WV80000JT8GHDKHJNZC,https://cdn.7tv.app/emote/01FFWH9WV80000JT8GHDKHJNZC/4x.webp
COPIUM,01F6ME7ADR0000WDA7ERT9H30R,https://cdn.7tv.app/emote/01F6ME7ADR0000WDA7ERT9H30R/4x.webp
muted,01F63B8GJR000AE7CZT484KXF9,https://cdn.7tv.app/emote/01F63B8GJR000AE7CZT484KXF9/4x.webp
HUH,01FKKW7C1G0008TM5NY9QEFEDW,https://cdn.7tv.app/emote/01FKKW7C1G0008TM5NY9QEFEDW/4x.webp
ok,01G1M77D4R0004YN3NKDRR9YKJ,https://cdn.7tv.app/emote/01G1M77D4R0004YN3NKDRR9YKJ/4x.webp
Chatting,01FAK9C8MR0004HKF2ZK1YPQ5A,https://cdn.7tv.app/emote/01FAK9C8MR0004HKF2ZK1YPQ5A/4x.webp
peepoFAT,01F6QZESK8000ATZXMPM5KMFNF,https://cdn.7tv.app/emote/01F6QZESK8000ATZXMPM5KMFNF/4x.webp
NOWAYING,01GQ3WPTDR000300KQF1J7PFF8,https://cdn.7tv.app/emote/01GQ3WPTDR000300KQF1J7PFF8/4x.webp
PETTHESTREAMER,01F6NNF9TR000AAS5FM9Q2GWZS,https://cdn.7tv.app/emote/01F6NNF9TR000AAS5FM9Q2GWZS/4x.webp
ICANT,01FA0PBXM8000AD7Y8T9ZMTFZ5,https://cdn.7tv.app/emote/01FA0PBXM8000AD7Y8T9ZMTFZ5/4x.webp
classic,01GBPSCGR00007Q17796BDN5AJ,https://cdn.7tv.app/emote/01GBPSCGR00007Q17796BDN5AJ/4x.webp
o7,01FS5ZCFG0000500DPPCXJWCP8,https://cdn.7tv.app/emote/01FS5ZCFG0000500DPPCXJWCP8/4x.webp
PLEASE,01FECSYPZR0002KVMNHJBZWTWH,https://cdn.7tv.app/emote/01FECSYPZR0002KVMNHJBZWTWH/4x.webp
AYOOO,01FPKXNN100007BSRDBAS9AJ0K,https://cdn.7tv.app/emote/01FPKXNN100007BSRDBAS9AJ0K/4x.webp
YesYes,01FCJPHMT00008XKZT17QKXE7W,https://cdn.7tv.app/emote/01FCJPHMT00008XKZT17QKXE7W/4x.webp
NoNo,01F9KFXCVG0000DB1K3RWPMZVK,https://cdn.7tv.app/emote/01F9KFXCVG0000DB1K3RWPMZVK/4x.webp
NOTED,01H481W50G0005ERYRZDP1SG3M,https://cdn.7tv.app/emote/01H481W50G0005ERYRZDP1SG3M/4x.webp
heyy,01FN25QCP000071FCSB63SB4G4,https://cdn.7tv.app/emote/01FN25QCP000071FCSB63SB4G4/4x.webp
:0,01GNTJQ6KG000F4Q216SQ40KGY,https://cdn.7tv.app/emote/01GNTJQ6KG000F4Q216SQ40KGY/4x.webp
mhm,01GWBD2YR00002CCPRV6KPX758,https://cdn.7tv.app/emote/01GWBD2YR00002CCPRV6KPX758/4x.webp
BANNED,01F78H3SRG0001Q55TEC9ZHQ18,https://cdn.7tv.app/emote/01F78H3SRG0001Q55TEC9ZHQ18/4x.webp
Timeout,01HAK105SR0004CB92YXKWM09Q,https://cdn.7tv.app/emote/01HAK105SR0004CB92YXKWM09Q/4x.webp
:b,01H212CQY8000D9DEP10Z93JA9,https://cdn.7tv.app/emote/01H212CQY8000D9DEP10Z93JA9/4x.webp
Listening,01FWR6BNTR0007SGPMW6AKG0Q9,https://cdn.7tv.app/emote/01FWR6BNTR0007SGPMW6AKG0Q9/4x.webp
notListening,01GHY2N21800025VZ4E5FVRZKW,https://cdn.7tv.app/emote/01GHY2N21800025VZ4E5FVRZKW/4x.webp
Hmm,01F6MA6Y100002B6P5MWZ5D916,https://cdn.7tv.app/emote/01F6MA6Y100002B6P5MWZ5D916/4x.webp
2Head,01F6Q84KNG0009K4HVQSZZ1JD7,https://cdn.7tv.app/emote/01F6Q84KNG0009K4HVQSZZ1JD7/4x.webp
VIBE,01FYQZVG280006SX8JX4TD7SJA,https://cdn.7tv.app/emote/01FYQZVG280006SX8JX4TD7SJA/4x.webp
xdding,01G9B5H16G0000AA8NJ01T47DR,https://cdn.7tv.app/emote/01G9B5H16G0000AA8NJ01T47DR/4x.webp
CAUGHT,01H0SQNM9R0005HNCSM10SYJEQ,https://cdn.7tv.app/emote/01H0SQNM9R0005HNCSM10SYJEQ/4x.webp
ReallyMad,01GT7HSMD0000A4ZYT4KM0DN64,https://cdn.7tv.app/emote/01GT7HSMD0000A4ZYT4KM0DN64/4x.webp
PETTHEMODS,01F6NF001G00044EM07K5E6WYK,https://cdn.7tv.app/emote/01F6NF001G00044EM07K5E6WYK/4x.webp
LETHIMCOOK,01GN5QQ1X8000C0QTR0C8JV0GR,https://cdn.7tv.app/emote/01GN5QQ1X8000C0QTR0C8JV0GR/4x.webp
YAPPP,01F6R5MDT80002DD7BEAV9B6ZJ,https://cdn.7tv.app/emote/01F6R5MDT80002DD7BEAV9B6ZJ/4x.webp
siksiksik,01HS3RVM10000E6CRVZHEARWB3,https://cdn.7tv.app/emote/01HS3RVM10000E6CRVZHEARWB3/4x.webp
garsiau,01FWQP6TRR000CQSRGGBNYAH42,https://cdn.7tv.app/emote/01FWQP6TRR000CQSRGGBNYAH42/4x.webp
Prayge,01F6NACCD80006SZ7ZW5FMWKWK,https://cdn.7tv.app/emote/01F6NACCD80006SZ7ZW5FMWKWK/4x.webp
SUSSY,01F8G9MDAR0009YQPYZYCKHYKQ,https://cdn.7tv.app/emote/01F8G9MDAR0009YQPYZYCKHYKQ/4x.webp
LETSGO,01F6RD7B88000B4N55W5NS55R7,https://cdn.7tv.app/emote/01F6RD7B88000B4N55W5NS55R7/4x.webp
LOL,01FZ975PV8000B4AWRZNMVNEXN,https://cdn.7tv.app/emote/01FZ975PV8000B4AWRZNMVNEXN/4x.webp
kastuvas,01HZC7G1W00002X9JFJVAG74QV,https://cdn.7tv.app/emote/01HZC7G1W00002X9JFJVAG74QV/4x.webp
sushisStare,01J8NG7B2G0001SY9P44WA40NA,https://cdn.7tv.app/emote/01J8NG7B2G0001SY9P44WA40NA/4x.webp
GAGAGA,01H96150H00003CY09NFH3G999,https://cdn.7tv.app/emote/01H96150H00003CY09NFH3G999/4x.webp
Thinking,01EZT9WTYR0002GHH6006GD23G,https://cdn.7tv.app/emote/01EZT9WTYR0002GHH6006GD23G/4x.webp
Thinking2,01EZT9X4Q80002GHH6006GD23H,https://cdn.7tv.app/emote/01EZT9X4Q80002GHH6006GD23H/4x.webp
nezinau,01J8NH23GR000A5QBDAQ50Z87R,https://cdn.7tv.app/emote/01J8NH23GR000A5QBDAQ50Z87R/4x.webp
hehe,01GXBG1T2G0008XKV2S1V2BR5E,https://cdn.7tv.app/emote/01GXBG1T2G0008XKV2S1V2BR5E/4x.webp
aga,01HMBMJPV0000D32KQCYBK4S1D,https://cdn.7tv.app/emote/01HMBMJPV0000D32KQCYBK4S1D/4x.webp
Skirmantas,01J9YBWG00000124YQG75TYR4R,https://cdn.7tv.app/emote/01J9YBWG00000124YQG75TYR4R/4x.webp
Clap,01F6NE9AER000CKKT9BSDYGT0J,https://cdn.7tv.app/emote/01F6NE9AER000CKKT9BSDYGT0J/4x.webp
forsenLithuania,01J43XT0AG000FEMV6VS56MG0T,https://cdn.7tv.app/emote/01J43XT0AG000FEMV6VS56MG0T/4x.webp
LithuanianLife,01HF2XQ2A800030WBP0NCZ0XMK,https://cdn.7tv.app/emote/01HF2XQ2A800030WBP0NCZ0XMK/4x.webp
lithuaniaKisser,01HF5643TG00030WBP0NCZ18SK,https://cdn.7tv.app/emote/01HF5643TG00030WBP0NCZ18SK/4x.webp
cuh,01H970FHJR0005TVKVAZ4M74AA,https://cdn.7tv.app/emote/01H970FHJR0005TVKVAZ4M74AA/4x.webp
test,01J5RBF26G0004CHE4PEAWN63K,https://cdn.7tv.app/emote/01J5RBF26G0004CHE4PEAWN63K/4x.webp
FirstTimeTest,01J926TKDR000A5QBDAQ5108N8,https://cdn.7tv.app/emote/01J926TKDR000A5QBDAQ5108N8/4x.webp
FirstTimeChatter,01HCT0SN4G00028NJW3M73H7NW,https://cdn.7tv.app/emote/01HCT0SN4G00028NJW3M73H7NW/4x.webp
demikoL,01JABBGY880002EW8R25YEHJXT,https://cdn.7tv.app/emote/01JABBGY880002EW8R25YEHJXT/4x.webp
StoryTime,01FYGNB8AG0005NQQFR8W3ZHGF,https://cdn.7tv.app/emote/01FYGNB8AG0005NQQFR8W3ZHGF/4x.webp
D:,01GM78BAGR0001WBT5AMQY9YG3,https://cdn.7tv.app/emote/01GM78BAGR0001WBT5AMQY9YG3/4x.webp
KAAAA,01GRTJJCTG0004RVBCVMBM56G8,https://cdn.7tv.app/emote/01GRTJJCTG0004RVBCVMBM56G8/4x.webp
ate,01HDPKA22G0003DSKWRRPR1DC1,https://cdn.7tv.app/emote/01HDPKA22G0003DSKWRRPR1DC1/4x.webp
sniffthenewchatter,01HD2KMKKR000506K0FGX9BY9C,https://cdn.7tv.app/emote/01HD2KMKKR000506K0FGX9BY9C/4x.webp
MODS,01F6N24VSG0004P7N4A9PZCA86,https://cdn.7tv.app/emote/01F6N24VSG0004P7N4A9PZCA86/4x.webp
Plotge,01FY7MJN3G000FWWXFD46PAVNC,https://cdn.7tv.app/emote/01FY7MJN3G000FWWXFD46PAVNC/4x.webp
RIPBOZO,01FZEJ1FK8000DPFPNZDKV952N,https://cdn.7tv.app/emote/01FZEJ1FK8000DPFPNZDKV952N/4x.webp
o14,01HTFPSGS8000ETDPSQX2Z6T2C,https://cdn.7tv.app/emote/01HTFPSGS8000ETDPSQX2Z6T2C/4x.webp
sus,01HEKHE1MG0006REJ2K5EAP1N2,https://cdn.7tv.app/emote/01HEKHE1MG0006REJ2K5EAP1N2/4x.webp
Internetge,01G5AN3H2R0004047G5XQ9FG9V,https://cdn.7tv.app/emote/01G5AN3H2R0004047G5XQ9FG9V/4x.webp
KEKW,01F61B1440000991F7SWQNMVX7,https://cdn.7tv.app/emote/01F61B1440000991F7SWQNMVX7/4x.webp
LEEKED,01GPQNZSR00009D8SP1972B10Q,https://cdn.7tv.app/emote/01GPQNZSR00009D8SP1972B10Q/4x.webp
MUGA,01FQYESXT00005PFJ1F32KXBA9,https://cdn.7tv.app/emote/01FQYESXT00005PFJ1F32KXBA9/4x.webp
PAUSE,01H3G2Q7JR000243E9YKWJZ3TD,https://cdn.7tv.app/emote/01H3G2Q7JR000243E9YKWJZ3TD/4x.webp
joever,01GDEGF4Q80006HHND776VG224,https://cdn.7tv.app/emote/01GDEGF4Q80006HHND776VG224/4x.webp
barack,01H0BKP1B0000E1353REJ94SEZ,https://cdn.7tv.app/emote/01H0BKP1B0000E1353REJ94SEZ/4x.webp
Pog,01EZTCN91800012PTN006Q50PR,https://cdn.7tv.app/emote/01EZTCN91800012PTN006Q50PR/4x.webp
4valandos,01HY1F4HNR000DCY2WF9NRYG24,https://cdn.7tv.app/emote/01HY1F4HNR000DCY2WF9NRYG24/4x.webp
1valanda,01HVAM45NG0000KQWWFXFBDBY2,https://cdn.7tv.app/emote/01HVAM45NG0000KQWWFXFBDBY2/4x.webp
Stare,01FA0WRBM0000AD7Y8T9ZJEDXQ,https://cdn.7tv.app/emote/01FA0WRBM0000AD7Y8T9ZJEDXQ/4x.webp
EZ,01GB9W6V0000098BZVD7GKTW0F,https://cdn.7tv.app/emote/01GB9W6V0000098BZVD7GKTW0F/4x.webp
veryFors,01G3MCSMKR000AVHF824CCKPR8,https://cdn.7tv.app/emote/01G3MCSMKR000AVHF824CCKPR8/4x.webp
:tf:,01F47M5DP80005W0EZC5BGPPAE,https://cdn.7tv.app/emote/01F47M5DP80005W0EZC5BGPPAE/4x.webp
FeelsLagMan,01F6MYGA9R000F76KNAAV8Z5SG,https://cdn.7tv.app/emote/01F6MYGA9R000F76KNAAV8Z5SG/4x.webp
GENIUS,01HN5K88700000X4ZG70YHA635,https://cdn.7tv.app/emote/01HN5K88700000X4ZG70YHA635/4x.webp
SAJ,01FK4ZFNDR000CCCJ7DMGD0H94,https://cdn.7tv.app/emote/01FK4ZFNDR000CCCJ7DMGD0H94/4x.webp
Kur,01GR7R0H9G000FEKDNHQTECH62,https://cdn.7tv.app/emote/01GR7R0H9G000FEKDNHQTECH62/4x.webp
oh,01HPSZTQMR0006EJKWY8X7TGVP,https://cdn.7tv.app/emote/01HPSZTQMR0006EJKWY8X7TGVP/4x.webp
SNIFFA,01F7M225F8000AWSXNQ65M4PKG,https://cdn.7tv.app/emote/01F7M225F8000AWSXNQ65M4PKG/4x.webp
ASSEMBLE,01GWDGXVG0000FVNNHM4H1HZRF,https://cdn.7tv.app/emote/01GWDGXVG0000FVNNHM4H1HZRF/4x.webp
HmmNotes,01FW8J8YXG000272ZDN060KM8V,https://cdn.7tv.app/emote/01FW8J8YXG000272ZDN060KM8V/4x.webp
stopbeingmean,01GP36X05R00052P9ACB6HGNGV,https://cdn.7tv.app/emote/01GP36X05R00052P9ACB6HGNGV/4x.webp
MEGALUL,01FC0M8MN000049SY2B37FMF38,https://cdn.7tv.app/emote/01FC0M8MN000049SY2B37FMF38/4x.webp
Waiting,01G0BCRWHR000C5FHDE5QRH9ZH,https://cdn.7tv.app/emote/01G0BCRWHR000C5FHDE5QRH9ZH/4x.webp
Shruge,01FS4ZNPV00002F97PTSA4XW9N,https://cdn.7tv.app/emote/01FS4ZNPV00002F97PTSA4XW9N/4x.webp
glorp,01H16FA16G0005EZED5J0EY7KN,https://cdn.7tv.app/emote/01H16FA16G0005EZED5J0EY7KN/4x.webp
LNK,01FDQX2W4G000CM9KGHJPMM403,https://cdn.7tv.app/emote/01FDQX2W4G000CM9KGHJPMM403/4x.webp
eww,01GQXH6YQ00001C243KH4N2RSK,https://cdn.7tv.app/emote/01GQXH6YQ00001C243KH4N2RSK/4x.webp
sdd,01GBNJ44MR00047VE9386QE1D1,https://cdn.7tv.app/emote/01GBNJ44MR00047VE9386QE1D1/4x.webp
ome44,01H3J9QPAR000E12BW7TRQEE15,https://cdn.7tv.app/emote/01H3J9QPAR000E12BW7TRQEE15/4x.webp
WHOLETHIMCOOK,01GPH01JMR00027RY0HK5QCQC0,https://cdn.7tv.app/emote/01GPH01JMR00027RY0HK5QCQC0/4x.webp
hesRight,01G16DYVQ8000ACH1GFP2P1NAE,https://cdn.7tv.app/emote/01G16DYVQ8000ACH1GFP2P1NAE/4x.webp
sveiki,01HE3BAWE0000DR138X30ZQKE6,https://cdn.7tv.app/emote/01HE3BAWE0000DR138X30ZQKE6/4x.webp
MONKA,01H876RPX8000918ZGPJMBHB7Z,https://cdn.7tv.app/emote/01H876RPX8000918ZGPJMBHB7Z/4x.webp
NoElp,01GYWFK36R0003TNFF4552R6QP,https://cdn.7tv.app/emote/01GYWFK36R0003TNFF4552R6QP/4x.webp
wait,01H8569GEG000CESM5HG03EGXW,https://cdn.7tv.app/emote/01H8569GEG000CESM5HG03EGXW/4x.webp
oop,01FPKYR1KR0008ZYPTDH5TYVWT,https://cdn.7tv.app/emote/01FPKYR1KR0008ZYPTDH5TYVWT/4x.webp
ChillGuy,01JD56CMBX86NVCJP8DQ163ZRF,https://cdn.7tv.app/emote/01JD56CMBX86NVCJP8DQ163ZRF/4x.webp
plink,01H4J6ABFG0006PTF1PS3ZTXGG,https://cdn.7tv.app/emote/01H4J6ABFG0006PTF1PS3ZTXGG/4x.webp
OneGuy,01GNKQ4H30000ATN8Y34FRM30R,https://cdn.7tv.app/emote/01GNKQ4H30000ATN8Y34FRM30R/4x.webp
JlLookingAtYou,01HSGKZN68000EC84JVSGF2YVC,https://cdn.7tv.app/emote/01HSGKZN68000EC84JVSGF2YVC/4x.webp
bymaswide,01JBAX5JTXMZAY5E52HA0TXG19,https://cdn.7tv.app/emote/01JBAX5JTXMZAY5E52HA0TXG19/4x.webp
molostovas,01GYSM27JG000EVQNXAQ8BPR0P,https://cdn.7tv.app/emote/01GYSM27JG000EVQNXAQ8BPR0P/4x.webp
o7gang,01HHA29J4G000DBAX5HGPM6SB0,https://cdn.7tv.app/emote/01HHA29J4G000DBAX5HGPM6SB0/4x.webp
capo7,01HW3NFEM80005KAADWK50GG2R,https://cdn.7tv.app/emote/01HW3NFEM80005KAADWK50GG2R/4x.webp
YEP,01F6PPENA80002RDNAW6F35V4X,https://cdn.7tv.app/emote/01F6PPENA80002RDNAW6F35V4X/4x.webp
Alarm,01F8CVR7R8000CCTQVN7ZHJVBQ,https://cdn.7tv.app/emote/01F8CVR7R8000CCTQVN7ZHJVBQ/4x.webp
monkaW,01F6NPHCN0000BEKN8ZXWQNSDC,https://cdn.7tv.app/emote/01F6NPHCN0000BEKN8ZXWQNSDC/4x.webp
peepoSit,01F9RVMY90000DNGANWDK1Q04G,https://cdn.7tv.app/emote/01F9RVMY90000DNGANWDK1Q04G/4x.webp
ane,01J69YJ4HR0002EA4N4W7AH7BD,https://cdn.7tv.app/emote/01J69YJ4HR0002EA4N4W7AH7BD/4x.webp
Kliunkinam,01J6AMSF8000082PCYH2WBP0BS,https://cdn.7tv.app/emote/01J6AMSF8000082PCYH2WBP0BS/4x.webp
Susge,01F6S7PENR0008HT14D95H43BY,https://cdn.7tv.app/emote/01F6S7PENR0008HT14D95H43BY/4x.webp
BAND,01GAEJ7DZ0000CKYC26QANPD4Z,https://cdn.7tv.app/emote/01GAEJ7DZ0000CKYC26QANPD4Z/4x.webp
LastTimeChatter,01J3DWWNBR0004RG1NJC319RAZ,https://cdn.7tv.app/emote/01J3DWWNBR0004RG1NJC319RAZ/4x.webp
Binoculous,01FYEMYZKR00077WTWSFD4108C,https://cdn.7tv.app/emote/01FYEMYZKR00077WTWSFD4108C/4x.webp
PauseChamp,01F6N2GFVR000F76KNAAVCSDGX,https://cdn.7tv.app/emote/01F6N2GFVR000F76KNAAVCSDGX/4x.webp
widepeepoHappy,01GF1Y2Q5G0000BGNJSP34TQRD,https://cdn.7tv.app/emote/01GF1Y2Q5G0000BGNJSP34TQRD/4x.webp
modCheck,01F6FTE8B80008E39HFFQJ7MWS,https://cdn.7tv.app/emote/01F6FTE8B80008E39HFFQJ7MWS/4x.webp
peepoRun,01F6Q045KR0005589X3BDQHRAY,https://cdn.7tv.app/emote/01F6Q045KR0005589X3BDQHRAY/4x.webp
sumSmash,01EZPHJ86R000C438200A44F1S,https://cdn.7tv.app/emote/01EZPHJ86R000C438200A44F1S/4x.webp
Deadge,01F8YE5QNR00081476FRV8XDEZ,https://cdn.7tv.app/emote/01F8YE5QNR00081476FRV8XDEZ/4x.webp
pepeKnife,01FK3F3HCG000E100ZQ63RGF9C,https://cdn.7tv.app/emote/01FK3F3HCG000E100ZQ63RGF9C/4x.webp
backseatingChat,01FWWG91C0000AZWE4AW4V9DBC,https://cdn.7tv.app/emote/01FWWG91C0000AZWE4AW4V9DBC/4x.webp
ppFall,01F6YSTMXR0003W81WR5MWJPF8,https://cdn.7tv.app/emote/01F6YSTMXR0003W81WR5MWJPF8/4x.webp
glorpo7,01HC5ECDA80002NZKPADJSJF0N,https://cdn.7tv.app/emote/01HC5ECDA80002NZKPADJSJF0N/4x.webp
PepegaAim,01J76XMNN000039S5SDNT93FC3,https://cdn.7tv.app/emote/01J76XMNN000039S5SDNT93FC3/4x.webp
zazabert,01HYPK17V00001WWQ8ZKWKN55D,https://cdn.7tv.app/emote/01HYPK17V00001WWQ8ZKWKN55D/4x.webp
yap,01H7NQY7N0000B0N9FE2F0DQPN,https://cdn.7tv.app/emote/01H7NQY7N0000B0N9FE2F0DQPN/4x.webp
peepoRiot,01GG8BBBM80000H81ACTHQVKCX,https://cdn.7tv.app/emote/01GG8BBBM80000H81ACTHQVKCX/4x.webp
flowerr,01G1HBF6580005G1MWWMPGT14V,https://cdn.7tv.app/emote/01G1HBF6580005G1MWWMPGT14V/4x.webp
Adge,01FER7BSPG000A35M54YK6J5Y7,https://cdn.7tv.app/emote/01FER7BSPG000A35M54YK6J5Y7/4x.webp
BANGER,01GFWC73G8000F5SH2VRR170BE,https://cdn.7tv.app/emote/01GFWC73G8000F5SH2VRR170BE/4x.webp
CatTime,01HQ5JDRX00000D7GK7EKR9N1Z,https://cdn.7tv.app/emote/01HQ5JDRX00000D7GK7EKR9N1Z/4x.webp
Life,01FT0SJFNR0001M6SADSSJ9P4Q,https://cdn.7tv.app/emote/01FT0SJFNR0001M6SADSSJ9P4Q/4x.webp
HACKERMANS,01F6WP22CR0004YCK11WAVZHEW,https://cdn.7tv.app/emote/01F6WP22CR0004YCK11WAVZHEW/4x.webp
GoodTake,01F230PW60000F9Q0G00A2DEA6,https://cdn.7tv.app/emote/01F230PW60000F9Q0G00A2DEA6/4x.webp
catKISS,01F5VW2TKR0003RCV2Z6JBHCST,https://cdn.7tv.app/emote/01F5VW2TKR0003RCV2Z6JBHCST/4x.webp
xddkiss,01G8AVGM380005XQ40NT9MXCB4,https://cdn.7tv.app/emote/01G8AVGM380005XQ40NT9MXCB4/4x.webp
Sadge,01EZPG1FN80001SNAW00ADK2DY,https://cdn.7tv.app/emote/01EZPG1FN80001SNAW00ADK2DY/4x.webp
peepoSick,01FCP7064800037YGEKHNTNYCQ,https://cdn.7tv.app/emote/01FCP7064800037YGEKHNTNYCQ/4x.webp
Tssk,01F6M8S930000B5V5G2M2GBRHN,https://cdn.7tv.app/emote/01F6M8S930000B5V5G2M2GBRHN/4x.webp
ALO,01FGFJG39R00021TQRJX35MT9B,https://cdn.7tv.app/emote/01FGFJG39R00021TQRJX35MT9B/4x.webp
spooky,01FJC3NJCG000BDMGTVBZVX2K8,https://cdn.7tv.app/emote/01FJC3NJCG000BDMGTVBZVX2K8/4x.webp
peepoGamer,01FFS8Y0W00000JT8GHDKHJBJG,https://cdn.7tv.app/emote/01FFS8Y0W00000JT8GHDKHJBJG/4x.webp
VV,01HW0EECRR0005KAADWK50G6SF,https://cdn.7tv.app/emote/01HW0EECRR0005KAADWK50G6SF/4x.webp
docSmash,01F76JQGX0000F17N8G1S6AFAB,https://cdn.7tv.app/emote/01F76JQGX0000F17N8G1S6AFAB/4x.webp
PianoTime,01EZY9HFY8000CYST6006V20TD,https://cdn.7tv.app/emote/01EZY9HFY8000CYST6006V20TD/4x.webp
Bedge,01F6MXJD8R000F76KNAAV5HDGD,https://cdn.7tv.app/emote/01F6MXJD8R000F76KNAAV5HDGD/4x.webp
1984,01F6WDQ2EG00007614EPW3P4T6,https://cdn.7tv.app/emote/01F6WDQ2EG00007614EPW3P4T6/4x.webp
makniom,01J0ZR3RFR000BMH9V93EWR2SZ,https://cdn.7tv.app/emote/01J0ZR3RFR000BMH9V93EWR2SZ/4x.webp
hellderMEWING,01HVYJSNNG0005KAADWK50G272,https://cdn.7tv.app/emote/01HVYJSNNG0005KAADWK50G272/4x.webp
WICKED,01F6NM2T080003C6R1CKK0T0P2,https://cdn.7tv.app/emote/01F6NM2T080003C6R1CKK0T0P2/4x.webp
FLASHBANG,01F7CTADRG000351ERP2WA0ME9,https://cdn.7tv.app/emote/01F7CTADRG000351ERP2WA0ME9/4x.webp
RAGEY,01GBFAYKGR000FWWN7MDZZ8XQN,https://cdn.7tv.app/emote/01GBFAYKGR000FWWN7MDZZ8XQN/4x.webp
Grrr,01GSXPAFFG000F54AV8GPAGY5Y,https://cdn.7tv.app/emote/01GSXPAFFG000F54AV8GPAGY5Y/4x.webp
xddd,01GXBF7ADG000DFH6TZSYGGQNV,https://cdn.7tv.app/emote/01GXBF7ADG000DFH6TZSYGGQNV/4x.webp
NAILS,01GRKSG9E000091TEC1A28HSM5,https://cdn.7tv.app/emote/01GRKSG9E000091TEC1A28HSM5/4x.webp
Joel,01G4H6K8E8000FNPC3P1251DYM,https://cdn.7tv.app/emote/01G4H6K8E8000FNPC3P1251DYM/4x.webp
FirstTimeChadder,01HD4A2ZF80001XXDZ5G61G553,https://cdn.7tv.app/emote/01HD4A2ZF80001XXDZ5G61G553/4x.webp
paidchatter,01HFBXR8GG0003CV8WEE0DKACP,https://cdn.7tv.app/emote/01HFBXR8GG0003CV8WEE0DKACP/4x.webp
Looking,01FNCFXWKR000FZADBM40VP6ZW,https://cdn.7tv.app/emote/01FNCFXWKR000FZADBM40VP6ZW/4x.webp
bye,01HEQCDAB800030WBP0NCYZ0XM,https://cdn.7tv.app/emote/01HEQCDAB800030WBP0NCYZ0XM/4x.webp
atia,01HEQCDAB800030WBP0NCYZ0XM,https://cdn.7tv.app/emote/01HEQCDAB800030WBP0NCYZ0XM/4x.webp
myIQ,01GWKRZ68R000A2R0P3QXVDA12,https://cdn.7tv.app/emote/01GWKRZ68R000A2R0P3QXVDA12/4x.webp
War,01H13AEMTR0005EZED5J0EXN3C,https://cdn.7tv.app/emote/01H13AEMTR0005EZED5J0EXN3C/4x.webp
otag,01GYT25QT8000DVPJKHH13026T,https://cdn.7tv.app/emote/01GYT25QT8000DVPJKHH13026T/4x.webp
LIZUN,01H417JC300003PH84VNH1WWTT,https://cdn.7tv.app/emote/01H417JC300003PH84VNH1WWTT/4x.webp
brainrot,01J6SYFZ9R0003R88FPG3QZYDN,https://cdn.7tv.app/emote/01J6SYFZ9R0003R88FPG3QZYDN/4x.webp
demikoDemesio,01JEF3TDRP359K5KWKMCAM7CFZ,https://cdn.7tv.app/emote/01JEF3TDRP359K5KWKMCAM7CFZ/4x.webp
kvailys,01FYWNCE7G000BHTYM8E1XMV40,https://cdn.7tv.app/emote/01FYWNCE7G000BHTYM8E1XMV40/4x.webp
durnas,01HA2JEAFR000ET624ATWN7D32,https://cdn.7tv.app/emote/01HA2JEAFR000ET624ATWN7D32/4x.webp
BOOBA,01GF6E3CPR0008SC6WX3J25C2T,https://cdn.7tv.app/emote/01GF6E3CPR0008SC6WX3J25C2T/4x.webp
Padarom,01J4YEKW0G000DF3H93GN6HTH2,https://cdn.7tv.app/emote/01J4YEKW0G000DF3H93GN6HTH2/4x.webp
3valandos,01HVY8RJ900005KAADWK50G0X6,https://cdn.7tv.app/emote/01HVY8RJ900005KAADWK50G0X6/4x.webp
Headbang,01G611X31800020B4JB4BJGS5N,https://cdn.7tv.app/emote/01G611X31800020B4JB4BJGS5N/4x.webp
Dance,01F6PWXW5R0005589X3BDJC4QC,https://cdn.7tv.app/emote/01F6PWXW5R0005589X3BDJC4QC/4x.webp
dans,01J2TGJN5G0007SPGBMGWN18FQ,https://cdn.7tv.app/emote/01J2TGJN5G0007SPGBMGWN18FQ/4x.webp
lebronJAM,01GA4TYKW0000EN50T4AGZ0CK8,https://cdn.7tv.app/emote/01GA4TYKW0000EN50T4AGZ0CK8/4x.webp
PepePls,01GAFTZ9K80003DHH026MC7JW0,https://cdn.7tv.app/emote/01GAFTZ9K80003DHH026MC7JW0/4x.webp
pepeJAM,01EZY967K0000CYST6006V20T8,https://cdn.7tv.app/emote/01EZY967K0000CYST6006V20T8/4x.webp
slayyy,01GW1H21F00003PARJZCKDGSZY,https://cdn.7tv.app/emote/01GW1H21F00003PARJZCKDGSZY/4x.webp
DrumTime,01GJ9YCHP800010TFMZJHGTKDA,https://cdn.7tv.app/emote/01GJ9YCHP800010TFMZJHGTKDA/4x.webp
dogJAM,01F6V6J1RR0002K1FKHYTCPHF4,https://cdn.7tv.app/emote/01F6V6J1RR0002K1FKHYTCPHF4/4x.webp
GoslingDrive,01FJGTBYSG000FZHS49NWQS9R7,https://cdn.7tv.app/emote/01FJGTBYSG000FZHS49NWQS9R7/4x.webp
KA,01HVKSA96R0007CJGG5NN6RWZY,https://cdn.7tv.app/emote/01HVKSA96R0007CJGG5NN6RWZY/4x.webp
qq,01J38MJKV800086NDXHVJ6JPPH,https://cdn.7tv.app/emote/01J38MJKV800086NDXHVJ6JPPH/4x.webp
GAMBA,01FJT4HEXG000FZHS49NWQT5DZ,https://cdn.7tv.app/emote/01FJT4HEXG000FZHS49NWQT5DZ/4x.webp
gambabert,01J6HSWSS8000F98ZYBBPBEZBG,https://cdn.7tv.app/emote/01J6HSWSS8000F98ZYBBPBEZBG/4x.webp
aim,01GQ00C60R0007AVY5Q06WVMHN,https://cdn.7tv.app/emote/01GQ00C60R0007AVY5Q06WVMHN/4x.webp
blicky,01HGNS72VR000BG65M9NPPYFR8,https://cdn.7tv.app/emote/01HGNS72VR000BG65M9NPPYFR8/4x.webp
yeyeye,01JEP5TST3HYGQ7PMTPS0VD1S9,https://cdn.7tv.app/emote/01JEP5TST3HYGQ7PMTPS0VD1S9/4x.webp
baltalietuvisAtsigeriam,01JEPGD93GNEXNPPGJTTCTBTKN,https://cdn.7tv.app/emote/01JEPGD93GNEXNPPGJTTCTBTKN/4x.webp
baltalietuvisBukSveikas,01JEPEGWD32EZ7ST57P0EMG87B,https://cdn.7tv.app/emote/01JEPEGWD32EZ7ST57P0EMG87B/4x.webp
baltaKiss,01JEPHGRQ7YMAZ671KMF34AWTR,https://cdn.7tv.app/emote/01JEPHGRQ7YMAZ671KMF34AWTR/4x.webp
donowall,01F6BN89H80006VBW12DRB1DJ0,https://cdn.7tv.app/emote/01F6BN89H80006VBW12DRB1DJ0/4x.webp
EDM,01F6W1T7XR0002M7WQ84WYZ5HF,https://cdn.7tv.app/emote/01F6W1T7XR0002M7WQ84WYZ5HF/4x.webp
xd,01GA2DJQBG00039YNEKY078FV3,https://cdn.7tv.app/emote/01GA2DJQBG00039YNEKY078FV3/4x.webp
SVEEEEEIKI,01GTW005NR0008MX5ZM92ASWXV,https://cdn.7tv.app/emote/01GTW005NR0008MX5ZM92ASWXV/4x.webp
catBoom,01F8RYM4ZG00054D9T2CA77DH6,https://cdn.7tv.app/emote/01F8RYM4ZG00054D9T2CA77DH6/4x.webp
tuoj,01JEYFSTJAQKD0JSYWTKGNDBMF,https://cdn.7tv.app/emote/01JEYFSTJAQKD0JSYWTKGNDBMF/4x.webp
MAXIMA,01HW54H0BR00000R4ZCT3E22PH,https://cdn.7tv.app/emote/01HW54H0BR00000R4ZCT3E22PH/4x.webp
Norfa,01J1N4BTA80002X9JFJVAGC9P4,https://cdn.7tv.app/emote/01J1N4BTA80002X9JFJVAGC9P4/4x.webp
lithutrail,01HNFV0AC80008Y0WDTPT0GPHA,https://cdn.7tv.app/emote/01HNFV0AC80008Y0WDTPT0GPHA/4x.webp
PotFriendLithuania,01G68VVG88000BC0DP3JDYXD49,https://cdn.7tv.app/emote/01G68VVG88000BC0DP3JDYXD49/4x.webp
demikoKede,01JEYGPVMW2XE4EB7XF2BQQ5M3,https://cdn.7tv.app/emote/01JEYGPVMW2XE4EB7XF2BQQ5M3/4x.webp
Blueless,01FYND087800097W66S486XDY0,https://cdn.7tv.app/emote/01FYND087800097W66S486XDY0/4x.webp
monkaLaugh,01FFVSZF3G0000JT8GHDKHJKW2,https://cdn.7tv.app/emote/01FFVSZF3G0000JT8GHDKHJKW2/4x.webp
Pffttt,01J26Y1XK80008MXTHGERYDXSD,https://cdn.7tv.app/emote/01J26Y1XK80008MXTHGERYDXSD/4x.webp
owo,01GZYHBC9G000255MQQ7PGMZ9K,https://cdn.7tv.app/emote/01GZYHBC9G000255MQQ7PGMZ9K/4x.webp
happi,01H07F15D00002ETD2HQRT8J3Z,https://cdn.7tv.app/emote/01H07F15D00002ETD2HQRT8J3Z/4x.webp
TheVoices,01GNDAV6R8000ASVTS4W77SX5G,https://cdn.7tv.app/emote/01GNDAV6R8000ASVTS4W77SX5G/4x.webp
peepoArrive,01F6Q92RGG000A6S4F82D85T0B,https://cdn.7tv.app/emote/01F6Q92RGG000A6S4F82D85T0B/4x.webp
CONFLICT,01GHA2DFG00009X39ZS56WHQX2,https://cdn.7tv.app/emote/01GHA2DFG00009X39ZS56WHQX2/4x.webp
SocialCreditsUp,01FFGKHC4G0009CAK0J1468KRM,https://cdn.7tv.app/emote/01FFGKHC4G0009CAK0J1468KRM/4x.webp
SocialCreditsDown,01FFGKPAB00009CAK0J1468KT1,https://cdn.7tv.app/emote/01FFGKPAB00009CAK0J1468KT1/4x.webp
daliaG,01JF8GWS3WPMCHT2T8PHMKXT9H,https://cdn.7tv.app/emote/01JF8GWS3WPMCHT2T8PHMKXT9H/4x.webp
StareArrive,01FSP5YXYR00038GDBZ91HT8YY,https://cdn.7tv.app/emote/01FSP5YXYR00038GDBZ91HT8YY/4x.webp
BOUGHT,01HVHZQKCG00042QPZA2WPHEK8,https://cdn.7tv.app/emote/01HVHZQKCG00042QPZA2WPHEK8/4x.webp
catDespair,01GERMH9M0000BQ5E4E4CKHN7S,https://cdn.7tv.app/emote/01GERMH9M0000BQ5E4E4CKHN7S/4x.webp
ta7,01GZKVZVJ0000A3C65WDCQX1MT,https://cdn.7tv.app/emote/01GZKVZVJ0000A3C65WDCQX1MT/4x.webp
HAH,01H1F4W6P80005BD0YVPMCDXGT,https://cdn.7tv.app/emote/01H1F4W6P80005BD0YVPMCDXGT/4x.webp
EWWW,01HE93VAT80008YHC7C41FE5VR,https://cdn.7tv.app/emote/01HE93VAT80008YHC7C41FE5VR/4x.webp
widetime,01HRTCQ67G0002CEEGWVSC44EJ,https://cdn.7tv.app/emote/01HRTCQ67G0002CEEGWVSC44EJ/4x.webp
omE,01G159GPB00009XPQHT7SV9CZC,https://cdn.7tv.app/emote/01G159GPB00009XPQHT7SV9CZC/4x.webp
ABOBA,01HAZ9VXPG0005HE0A9M4Z1YQ6,https://cdn.7tv.app/emote/01HAZ9VXPG0005HE0A9M4Z1YQ6/4x.webp
widexddL,01G9QGTX3800026N23CRS76PMC,https://cdn.7tv.app/emote/01G9QGTX3800026N23CRS76PMC/4x.webp
jaunutisPakeliam,01HH015SXG0008ZVJVH105K8H8,https://cdn.7tv.app/emote/01HH015SXG0008ZVJVH105K8H8/4x.webp
kankorėžis,01J597H7AG0009G53SSQGW5NP4,https://cdn.7tv.app/emote/01J597H7AG0009G53SSQGW5NP4/4x.webp
MinorSpellingMistake,01G9DG1VN0000DWM8V2YKMDS9N,https://cdn.7tv.app/emote/01G9DG1VN0000DWM8V2YKMDS9N/4x.webp
Danceboye,01FB6GK90R0001AXCAFYD3ZD55,https://cdn.7tv.app/emote/01FB6GK90R0001AXCAFYD3ZD55/4x.webp
catJAM,01F6MQ33FG000FFJ97ZB8MWV52,https://cdn.7tv.app/emote/01F6MQ33FG000FFJ97ZB8MWV52/4x.webp
awoo,01HSPH80X00005YGAS2SZWDJ88,https://cdn.7tv.app/emote/01HSPH80X00005YGAS2SZWDJ88/4x.webp
sushisLabas,01JGBFY3QQXK9VYSV8QNZTFNRA,https://cdn.7tv.app/emote/01JGBFY3QQXK9VYSV8QNZTFNRA/4x.webp
WeirdChamp,01FQJFK6JR00065P02Y8BBTG2A,https://cdn.7tv.app/emote/01FQJFK6JR00065P02Y8BBTG2A/4x.webp
demikoTelefonasTESTAS,01JGF3WVPHYGAEB120WZYFHCE9,https://cdn.7tv.app/emote/01JGF3WVPHYGAEB120WZYFHCE9/4x.webp
lol,01FC8BR0JG0004KQ7BS2HS4KH0,https://cdn.7tv.app/emote/01FC8BR0JG0004KQ7BS2HS4KH0/4x.webp
BINGO,01GY5CCVN8000CAGQJD077GYD8,https://cdn.7tv.app/emote/01GY5CCVN8000CAGQJD077GYD8/4x.webp
Hypnotize,01J1ZS5XE0000A9JQ25Y1DQ3R6,https://cdn.7tv.app/emote/01J1ZS5XE0000A9JQ25Y1DQ3R6/4x.webp
HornyJail,01FR8TYQW8000F4VXH7FR4DJZ7,https://cdn.7tv.app/emote/01FR8TYQW8000F4VXH7FR4DJZ7/4x.webp
TOS,01H32S4ESR000F8489H898S231,https://cdn.7tv.app/emote/01H32S4ESR000F8489H898S231/4x.webp
WalterVibe,01GCJ4R1WG000D8ZK13J8KV4YE,https://cdn.7tv.app/emote/01GCJ4R1WG000D8ZK13J8KV4YE/4x.webp
demikoMezym,01JHDS0R5E3T8ETQ1N3MCY4M8K,https://cdn.7tv.app/emote/01JHDS0R5E3T8ETQ1N3MCY4M8K/4x.webp
guh,01FM5MA9M8000D6HG894PC597M,https://cdn.7tv.app/emote/01FM5MA9M8000D6HG894PC597M/4x.webp
juh,01H71GDB9G000D7KSF3J6CMMK4,https://cdn.7tv.app/emote/01H71GDB9G000D7KSF3J6CMMK4/4x.webp
okak,01HDXH46PG000DR138X30ZPN7N,https://cdn.7tv.app/emote/01HDXH46PG000DR138X30ZPN7N/4x.webp
anastasiaPoggies,01FXG8ASZG000AY6WE2SPE7F45,https://cdn.7tv.app/emote/01FXG8ASZG000AY6WE2SPE7F45/4x.webp
pikaOMG,01F777VKNG00048MXDYPQ4WNHN,https://cdn.7tv.app/emote/01F777VKNG00048MXDYPQ4WNHN/4x.webp
LIDL,01FF8JBGNG00091G1ZC5AX888A,https://cdn.7tv.app/emote/01FF8JBGNG00091G1ZC5AX888A/4x.webp
OMEGALIDL,01GBPAJMP0000CP03VW9T083N6,https://cdn.7tv.app/emote/01GBPAJMP0000CP03VW9T083N6/4x.webp
coffinPLZ,01F78F4V3R0001Q55TEC9XKNNG,https://cdn.7tv.app/emote/01F78F4V3R0001Q55TEC9XKNNG/4x.webp
AIBĖ,01JHE52Y9825HQ7TNYGDT98NAX,https://cdn.7tv.app/emote/01JHE52Y9825HQ7TNYGDT98NAX/4x.webp
VYNOTEKA,01JHE53S6JKXN4MBWY4TFRK90P,https://cdn.7tv.app/emote/01JHE53S6JKXN4MBWY4TFRK90P/4x.webp
PipelinePunch,01HH5AJKQR0000VN34YMH9B3C0,https://cdn.7tv.app/emote/01HH5AJKQR0000VN34YMH9B3C0/4x.webp
IKI,01JHE5KN3JE9FVN62DYMJYQEX9,https://cdn.7tv.app/emote/01JHE5KN3JE9FVN62DYMJYQEX9/4x.webp
RareChar,01F78FE30G00090ET1PYVTGVNW,https://cdn.7tv.app/emote/01F78FE30G00090ET1PYVTGVNW/4x.webp
VIČI,01G3V3QCG8000E830Z7JV4E6BC,https://cdn.7tv.app/emote/01G3V3QCG8000E830Z7JV4E6BC/4x.webp
SENUKAI,01JHE5VQAJV8A70785193J3T9B,https://cdn.7tv.app/emote/01JHE5VQAJV8A70785193J3T9B/4x.webp
peepoLatvia,01FWF4JFMR000EGAS9XF754ZR4,https://cdn.7tv.app/emote/01FWF4JFMR000EGAS9XF754ZR4/4x.webp
rimi,01HJRNDJ80000DX9XWRQV2VWYS,https://cdn.7tv.app/emote/01HJRNDJ80000DX9XWRQV2VWYS/4x.webp
IKEA,01GH414Z6G000AQPJKQDJE847Q,https://cdn.7tv.app/emote/01GH414Z6G000AQPJKQDJE847Q/4x.webp
LatviaTV,01JHE65WJDBE00AR9MWQ69DB6C,https://cdn.7tv.app/emote/01JHE65WJDBE00AR9MWQ69DB6C/4x.webp
EntireShrekMovie,01G5VSCBN00008G3QBPB7AWFAP,https://cdn.7tv.app/emote/01G5VSCBN00008G3QBPB7AWFAP/4x.webp
AVITELA,01JHE6DVFVQ5XBRRHC39GNJ5M2,https://cdn.7tv.app/emote/01JHE6DVFVQ5XBRRHC39GNJ5M2/4x.webp
TV3,01JHE6MSZ2VE7Y6QT1E714QFBJ,https://cdn.7tv.app/emote/01JHE6MSZ2VE7Y6QT1E714QFBJ/4x.webp
LRT,01JHE6TV64VZESNXVP1VK2VYJ4,https://cdn.7tv.app/emote/01JHE6TV64VZESNXVP1VK2VYJ4/4x.webp
miauSokoladinis,01JHE705RPR15KKJ077PMBFMT9,https://cdn.7tv.app/emote/01JHE705RPR15KKJ077PMBFMT9/4x.webp
miauBraskinis,01JHE7H8NN35A2JWQASXQPR8S5,https://cdn.7tv.app/emote/01JHE7H8NN35A2JWQASXQPR8S5/4x.webp
BLANC,01JHE7WX4F7FGR3RP37YXG5SEH,https://cdn.7tv.app/emote/01JHE7WX4F7FGR3RP37YXG5SEH/4x.webp
AlusLive,01JHE87KY54W9GTW8C1CDPB6P6,https://cdn.7tv.app/emote/01JHE87KY54W9GTW8C1CDPB6P6/4x.webp
SavasAlus,01JHE8BT3RB5RCS9SK6VZ823P6,https://cdn.7tv.app/emote/01JHE8BT3RB5RCS9SK6VZ823P6/4x.webp
GAMEROOM,01JHE8T6GHX7Z13ZGD54QQMMJA,https://cdn.7tv.app/emote/01JHE8T6GHX7Z13ZGD54QQMMJA/4x.webp
Minima,01JHE8Z9BJSNHCSNT9YDQ8ECF3,https://cdn.7tv.app/emote/01JHE8Z9BJSNHCSNT9YDQ8ECF3/4x.webp
demikobot,01GZWS74SR00044Z43H4SZWX7V,https://cdn.7tv.app/emote/01GZWS74SR00044Z43H4SZWX7V/4x.webp
SCATTER,01GP2BY1XG0009TPRPGFYX0Q91,https://cdn.7tv.app/emote/01GP2BY1XG0009TPRPGFYX0Q91/4x.webp
WEEBSDETECTED,01FM5HXEMR000D6HG894PC58WK,https://cdn.7tv.app/emote/01FM5HXEMR000D6HG894PC58WK/4x.webp
peepoWar,01H5K52TJR0007SK9E6EYS5NF1,https://cdn.7tv.app/emote/01H5K52TJR0007SK9E6EYS5NF1/4x.webp
CINEMA,01J8DC79VR000E0691W9XKC2H4,https://cdn.7tv.app/emote/01J8DC79VR000E0691W9XKC2H4/4x.webp
EZdodge,01FEGAZP50000EC9YKP619EB7Q,https://cdn.7tv.app/emote/01FEGAZP50000EC9YKP619EB7Q/4x.webp
FirstTime,01JE0HDK411SNQEDRHDS481SG4,https://cdn.7tv.app/emote/01JE0HDK411SNQEDRHDS481SG4/4x.webp
petrasDargis,01JJ0231FJ2NKQ3HBZ1JKA5RVB,https://cdn.7tv.app/emote/01JJ0231FJ2NKQ3HBZ1JKA5RVB/4x.webp
KK2,01JJ02TT3VC38Q35RPE5FGSZ6Z,https://cdn.7tv.app/emote/01JJ02TT3VC38Q35RPE5FGSZ6Z/4x.webp
alus,01H32XFQTR000BXX005J6Z48FN,https://cdn.7tv.app/emote/01H32XFQTR000BXX005J6Z48FN/4x.webp
LULE,01F124V4VG0008S1RA006Y72VF,https://cdn.7tv.app/emote/01F124V4VG0008S1RA006Y72VF/4x.webp
cosplay,01JJA4X9YV8T3QP6BAARM3D8AG,https://cdn.7tv.app/emote/01JJA4X9YV8T3QP6BAARM3D8AG/4x.webp
garsoBlet,01JJJ1VRRH7CW0VDTTV1236NZY,https://cdn.7tv.app/emote/01JJJ1VRRH7CW0VDTTV1236NZY/4x.webp
sushisL,01JABBFAG0000116RWDKZGGZQ4,https://cdn.7tv.app/emote/01JABBFAG0000116RWDKZGGZQ4/4x.webp
STANO,01JJJ88PJEMFT6P5PXSR5XE3D7,https://cdn.7tv.app/emote/01JJJ88PJEMFT6P5PXSR5XE3D7/4x.webp
STANO2,01JJJ8DYP9S74CPZ9XG6SQRBQ3,https://cdn.7tv.app/emote/01JJJ8DYP9S74CPZ9XG6SQRBQ3/4x.webp
STANO3,01JJJ8CJCMQQD2VTAWY34CYBNC,https://cdn.7tv.app/emote/01JJJ8CJCMQQD2VTAWY34CYBNC/4x.webp
Budrys,01JJJCCQN7MBXMMXPHH4SJ2RQ9,https://cdn.7tv.app/emote/01JJJCCQN7MBXMMXPHH4SJ2RQ9/4x.webp
Agreeing,01J3137XW0000D5Y3CJYGC4C37,https://cdn.7tv.app/emote/01J3137XW0000D5Y3CJYGC4C37/4x.webp
Concerned,01G55AX00R000B2BBGEQH5KW8K,https://cdn.7tv.app/emote/01G55AX00R000B2BBGEQH5KW8K/4x.webp
jLbananas,01JK1932HFWJ2D38HFCJ5C64XM,https://cdn.7tv.app/emote/01JK1932HFWJ2D38HFCJ5C64XM/4x.webp
BLUBBERS,01GFP0NQRR0000G74DCPERWQHB,https://cdn.7tv.app/emote/01GFP0NQRR0000G74DCPERWQHB/4x.webp
shesRight,01HNTNK3N0000EJEPXGZXK7K3K,https://cdn.7tv.app/emote/01HNTNK3N0000EJEPXGZXK7K3K/4x.webp
Smoge,01F6PW2Q180005589X3BDH8408,https://cdn.7tv.app/emote/01F6PW2Q180005589X3BDH8408/4x.webp
:d,01GMGW3N0800050N0201N95CKX,https://cdn.7tv.app/emote/01GMGW3N0800050N0201N95CKX/4x.webp
papai,01JF8F52YQ18YCWFD0X8WHJAMN,https://cdn.7tv.app/emote/01JF8F52YQ18YCWFD0X8WHJAMN/4x.webp
miau,01F6NCKMP000052X5637DW2XDY,https://cdn.7tv.app/emote/01F6NCKMP000052X5637DW2XDY/4x.webp
paluckas,01JKP3GFP053SF4KFJH7RDS0CJ,https://cdn.7tv.app/emote/01JKP3GFP053SF4KFJH7RDS0CJ/4x.webp
labanakt,01FJJASFR8000FZHS49NWQSEGM,https://cdn.7tv.app/emote/01FJJASFR8000FZHS49NWQSEGM/4x.webp
facepalm,01HE8MGCVG0003Q76FKRQT2H1J,https://cdn.7tv.app/emote/01HE8MGCVG0003Q76FKRQT2H1J/4x.webp
Pointless,01GWXY9H48000CAAEBP2XKP65M,https://cdn.7tv.app/emote/01GWXY9H48000CAAEBP2XKP65M/4x.webp
BASED,01FN6QDRZ800071FCSB63SBMA9,https://cdn.7tv.app/emote/01FN6QDRZ800071FCSB63SBMA9/4x.webp
RADAROM,01JM7XJ3QCE0WTD0WT6P5ZNQH0,https://cdn.7tv.app/emote/01JM7XJ3QCE0WTD0WT6P5ZNQH0/4x.webp
radarom,01JM7YA9V6XJY76ED2DX64FBPN,https://cdn.7tv.app/emote/01JM7YA9V6XJY76ED2DX64FBPN/4x.webp
demikoRodo,01JMCMT098DS6WE0CFZZGQ0EW3,https://cdn.7tv.app/emote/01JMCMT098DS6WE0CFZZGQ0EW3/4x.webp
Šakalienė,01JMDC1TFBBS5QRTSK4MFBWQQB,https://cdn.7tv.app/emote/01JMDC1TFBBS5QRTSK4MFBWQQB/4x.webp
clappi,01H9JADJJR0008QVVK15MGJ4NY,https://cdn.7tv.app/emote/01H9JADJJR0008QVVK15MGJ4NY/4x.webp
stanoPakeliam,01JMN25TFMWP5MGC5NZ26BA46K,https://cdn.7tv.app/emote/01JMN25TFMWP5MGC5NZ26BA46K/4x.webp
muh,01GWSGBQ7R0008X0SB6ANMACKG,https://cdn.7tv.app/emote/01GWSGBQ7R0008X0SB6ANMACKG/4x.webp
trump,01H8N8YEA00007JDYN4CXH3NQR,https://cdn.7tv.app/emote/01H8N8YEA00007JDYN4CXH3NQR/4x.webp
Trump,01H8N5ER30000ADFX52FWA0S7P,https://cdn.7tv.app/emote/01H8N5ER30000ADFX52FWA0S7P/4x.webp
GIGACHAD,01FWV6CSNR000AZWE4AW4V9AWD,https://cdn.7tv.app/emote/01FWV6CSNR000AZWE4AW4V9AWD/4x.webp
JD,01JKV98WPX8Y8BHX3E5EC371CH,https://cdn.7tv.app/emote/01JKV98WPX8Y8BHX3E5EC371CH/4x.webp
KK3,01JNCDYT21VDKR4DG3F9ZG9G6S,https://cdn.7tv.app/emote/01JNCDYT21VDKR4DG3F9ZG9G6S/4x.webp
ping,01FM2BPWE80001FS6N1BY0SDKK,https://cdn.7tv.app/emote/01FM2BPWE80001FS6N1BY0SDKK/4x.webp
bleh,01GCESAKV00008SW4QHRMNB5BE,https://cdn.7tv.app/emote/01GCESAKV00008SW4QHRMNB5BE/4x.webp
Cooked,01JJ0D0C2XWZ640NP4WJKB8MYX,https://cdn.7tv.app/emote/01JJ0D0C2XWZ640NP4WJKB8MYX/4x.webp
catEat,01GM7GRHR80003MGJ927EDX7FQ,https://cdn.7tv.app/emote/01GM7GRHR80003MGJ927EDX7FQ/4x.webp
TAI,01JNY7HMXY2DKCHGQ7V0ZFY9FC,https://cdn.7tv.app/emote/01JNY7HMXY2DKCHGQ7V0ZFY9FC/4x.webp
deal,01GPVSKM28000EENPRWMPTW9KY,https://cdn.7tv.app/emote/01GPVSKM28000EENPRWMPTW9KY/4x.webp
RightThere,01GPKXS30R0003JXYZCZHJT32P,https://cdn.7tv.app/emote/01GPKXS30R0003JXYZCZHJT32P/4x.webp
GerasGyvenimas,01HTD6GBWR0006FBV1QSYDSHW6,https://cdn.7tv.app/emote/01HTD6GBWR0006FBV1QSYDSHW6/4x.webp
plojusurura,01JQ2CJT4NK3DZ5NQ4ZNP34HEC,https://cdn.7tv.app/emote/01JQ2CJT4NK3DZ5NQ4ZNP34HEC/4x.webp
bandeleislidl,01JQ2DV482AZGX9VNQR3KWH4CF,https://cdn.7tv.app/emote/01JQ2DV482AZGX9VNQR3KWH4CF/4x.webp
gay,01JQ2JMJM8B7KXRZH5HV6RTY18,https://cdn.7tv.app/emote/01JQ2JMJM8B7KXRZH5HV6RTY18/4x.webp
WW,01J888XP4G0009MAMR2DZMG8R5,https://cdn.7tv.app/emote/01J888XP4G0009MAMR2DZMG8R5/4x.webp
LL,01F71VTZ7G0005AHDMTSVHKYH2,https://cdn.7tv.app/emote/01F71VTZ7G0005AHDMTSVHKYH2/4x.webp
IHaveAQuestion,01GRGSHCW80004RVBCVMBM4744,https://cdn.7tv.app/emote/01GRGSHCW80004RVBCVMBM4744/4x.webp
ciucikas,01JQM2ZVSBDZPNFZ69PZ5YH2T0,https://cdn.7tv.app/emote/01JQM2ZVSBDZPNFZ69PZ5YH2T0/4x.webp
ciucikasirjiggly,01JQM30F3F1ZYK3YTHHT49HE9M,https://cdn.7tv.app/emote/01JQM30F3F1ZYK3YTHHT49HE9M/4x.webp
MONKE,01G9FN8YF000080GCW6BK847N1,https://cdn.7tv.app/emote/01G9FN8YF000080GCW6BK847N1/4x.webp
Pain,01H3YNCJRR0003EGYBH1FXF7S1,https://cdn.7tv.app/emote/01H3YNCJRR0003EGYBH1FXF7S1/4x.webp
Latege,01G5SVJ4XG0008G3QBPB7AWBC9,https://cdn.7tv.app/emote/01G5SVJ4XG0008G3QBPB7AWBC9/4x.webp
VietosValdzia,01JR32M2871RTTQ80HCBNS21TR,https://cdn.7tv.app/emote/01JR32M2871RTTQ80HCBNS21TR/4x.webp
4Evil,01FVZZZE20000272ZDN060K6XW,https://cdn.7tv.app/emote/01FVZZZE20000272ZDN060K6XW/4x.webp
COOKED,01HR292BAR000264035KP5PR4Y,https://cdn.7tv.app/emote/01HR292BAR000264035KP5PR4Y/4x.webp
heh,01GPH03TX8000C7T4Y68ERAZHX,https://cdn.7tv.app/emote/01GPH03TX8000C7T4Y68ERAZHX/4x.webp
glorpshit,01HZX4JT4G000A9JQ25Y1DJYBV,https://cdn.7tv.app/emote/01HZX4JT4G000A9JQ25Y1DJYBV/4x.webp
Buhh,01FRPWQDA00003TMNVBGSW9YD6,https://cdn.7tv.app/emote/01FRPWQDA00003TMNVBGSW9YD6/4x.webp
peepoCheer,01GFKMBAHG0007SC7A230SCCYX,https://cdn.7tv.app/emote/01GFKMBAHG0007SC7A230SCCYX/4x.webp
BONK,01FWGZBKY0000EGAS9XF7552AK,https://cdn.7tv.app/emote/01FWGZBKY0000EGAS9XF7552AK/4x.webp
liuks,01JSAEBDCMNA9F3MNZ28KTWMEH,https://cdn.7tv.app/emote/01JSAEBDCMNA9F3MNZ28KTWMEH/4x.webp
um,01HMBEZHE80007XJVZXHQA9P8P,https://cdn.7tv.app/emote/01HMBEZHE80007XJVZXHQA9P8P/4x.webp
Weedge,01GSGHN4S80008WB0JTMQR8CZ6,https://cdn.7tv.app/emote/01GSGHN4S80008WB0JTMQR8CZ6/4x.webp
demikoKaralius,01JT3ANV9122W6Y59G8V5N5YNH,https://cdn.7tv.app/emote/01JT3ANV9122W6Y59G8V5N5YNH/4x.webp
pasipilstom,01JT3TWR6N9NKP97BT2BP0Y1EK,https://cdn.7tv.app/emote/01JT3TWR6N9NKP97BT2BP0Y1EK/4x.webp
Wahuh,01H95R29SG0006Z3G8578DF8ZN,https://cdn.7tv.app/emote/01H95R29SG0006Z3G8578DF8ZN/4x.webp
00,01HQ65F1Z8000BET8PBZNYJ5TA,https://cdn.7tv.app/emote/01HQ65F1Z8000BET8PBZNYJ5TA/4x.webp
RIZZ,01H9F8ET2R0008QVVK15MGHHRK,https://cdn.7tv.app/emote/01H9F8ET2R0008QVVK15MGHHRK/4x.webp
demikoStare,01JTEBFG89R9DJH5KCW2H7777Q,https://cdn.7tv.app/emote/01JTEBFG89R9DJH5KCW2H7777Q/4x.webp
gopissgirl,01G4VBZFV8000097ESMQ84CJTZ,https://cdn.7tv.app/emote/01G4VBZFV8000097ESMQ84CJTZ/4x.webp
Smile,01FJV83740000FZHS49NWQT8AF,https://cdn.7tv.app/emote/01FJV83740000FZHS49NWQT8AF/4x.webp
Girtaitis,01JWC6BCRC1JGAR99K6Y5974H6,https://cdn.7tv.app/emote/01JWC6BCRC1JGAR99K6Y5974H6/4x.webp
ManBloga,01JWC68QP54XY4CQWTZ0MKNKNG,https://cdn.7tv.app/emote/01JWC68QP54XY4CQWTZ0MKNKNG/4x.webp
hermanas,01JW4K6RCVR4EZV6J6NQSSPDGD,https://cdn.7tv.app/emote/01JW4K6RCVR4EZV6J6NQSSPDGD/4x.webp
pepeW,01GB9XMSPG00098BZVD7GKTW1Z,https://cdn.7tv.app/emote/01GB9XMSPG00098BZVD7GKTW1Z/4x.webp
SALAMI,01GG2XJ5M0000EMFPWBEBESGA2,https://cdn.7tv.app/emote/01GG2XJ5M0000EMFPWBEBESGA2/4x.webp
HeatedPillow,01JXTJ4ZETZHWMYEG3RNM34TTE,https://cdn.7tv.app/emote/01JXTJ4ZETZHWMYEG3RNM34TTE/4x.webp
pedro,01HCN1BBPG0005KTFQBNM1M0GD,https://cdn.7tv.app/emote/01HCN1BBPG0005KTFQBNM1M0GD/4x.webp
Katinukas,01JXTJWGB0CS6YZWRW8S7H2MND,https://cdn.7tv.app/emote/01JXTJWGB0CS6YZWRW8S7H2MND/4x.webp
RapThis,01F6N6MBK000052X5637DPQTKP,https://cdn.7tv.app/emote/01F6N6MBK000052X5637DPQTKP/4x.webp
aperol,01J2SWH0Y8000103G6KJYE1EEG,https://cdn.7tv.app/emote/01J2SWH0Y8000103G6KJYE1EEG/4x.webp
Nerdge,01F6T4ZZN0000C7KP4S7NVV0GX,https://cdn.7tv.app/emote/01F6T4ZZN0000C7KP4S7NVV0GX/4x.webp
BMW,01FWQ1RT20000DZ1NTS322Z106,https://cdn.7tv.app/emote/01FWQ1RT20000DZ1NTS322Z106/4x.webp
yippee,01GNBA7SH000047MW03YGJRXMC,https://cdn.7tv.app/emote/01GNBA7SH000047MW03YGJRXMC/4x.webp
manga,01JYH9KX7K3EHJ5TE91DJCW9YX,https://cdn.7tv.app/emote/01JYH9KX7K3EHJ5TE91DJCW9YX/4x.webp
imNOTcrying,01GHQ9FYY8000A4BTSHDYK8Z2H,https://cdn.7tv.app/emote/01GHQ9FYY8000A4BTSHDYK8Z2H/4x.webp
peepoOTAN,01H58R0M2R000B3831T1WV4NFR,https://cdn.7tv.app/emote/01H58R0M2R000B3831T1WV4NFR/4x.webp
CRASHOUT,01JPDNZM9XDQMRCRY83P8HTTR2,https://cdn.7tv.app/emote/01JPDNZM9XDQMRCRY83P8HTTR2/4x.webp
catNODDERS,01FGCCC15R00064MEQW00DMV2K,https://cdn.7tv.app/emote/01FGCCC15R00064MEQW00DMV2K/4x.webp
VANCE,01JN6X17YG5ZTP11VW0RGZYH5R,https://cdn.7tv.app/emote/01JN6X17YG5ZTP11VW0RGZYH5R/4x.webp
JAJA,01JS6769T51DXS6Y189VTT7D61,https://cdn.7tv.app/emote/01JS6769T51DXS6Y189VTT7D61/4x.webp
agabye,01JKP9G4MNDW3CCJV1SGAC9G7A,https://cdn.7tv.app/emote/01JKP9G4MNDW3CCJV1SGAC9G7A/4x.webp
WeWaiting,01H38Z1NWG000B7ZDP6YFHXABD,https://cdn.7tv.app/emote/01H38Z1NWG000B7ZDP6YFHXABD/4x.webp
wuh,01GV56F8QR0006FW5TVZVMFVWE,https://cdn.7tv.app/emote/01GV56F8QR0006FW5TVZVMFVWE/4x.webp
rave,01HEXHQ9780009W20WFPVWMVDT,https://cdn.7tv.app/emote/01HEXHQ9780009W20WFPVWMVDT/4x.webp
zyzzBass,01F6M3YPSR000AXRNAAMW9C2DA,https://cdn.7tv.app/emote/01F6M3YPSR000AXRNAAMW9C2DA/4x.webp
SoCute,01GBZ948DG00012FGEGNTX5M9G,https://cdn.7tv.app/emote/01GBZ948DG00012FGEGNTX5M9G/4x.webp
ragebait,01JE7A88QX19HZ2KZWGN2XSWNJ,https://cdn.7tv.app/emote/01JE7A88QX19HZ2KZWGN2XSWNJ/4x.webp
AURAFARMING,01JZ0CVTKPP7M8F4MQQS8VXAK2,https://cdn.7tv.app/emote/01JZ0CVTKPP7M8F4MQQS8VXAK2/4x.webp
NOOO,01GFTBJVX80004TPM1WT47HG49,https://cdn.7tv.app/emote/01GFTBJVX80004TPM1WT47HG49/4x.webp
PAGAUTAS,01JZGP8ZT45K814A1MGYNJMBXX,https://cdn.7tv.app/emote/01JZGP8ZT45K814A1MGYNJMBXX/4x.webp
jorkinwithfriends,01JK6Y9HPBMYZD35TTWZ03S832,https://cdn.7tv.app/emote/01JK6Y9HPBMYZD35TTWZ03S832/4x.webp
Shyggers,01FB7D61FG00033EKAWRH7XYPX,https://cdn.7tv.app/emote/01FB7D61FG00033EKAWRH7XYPX/4x.webp
braindead,01JP76B418V2TBENSG709ASEBP,https://cdn.7tv.app/emote/01JP76B418V2TBENSG709ASEBP/4x.webp
PETTHEBOT,01FTS19WA000002YSADW2KN90K,https://cdn.7tv.app/emote/01FTS19WA000002YSADW2KN90K/4x.webp
Ruginiene,01K2WK9HM0TBN4BFXB1MVFXBCV,https://cdn.7tv.app/emote/01K2WK9HM0TBN4BFXB1MVFXBCV/4x.webp
RuginieneHappy,01K2WKHM00VRVZRZ92S57GS4J0,https://cdn.7tv.app/emote/01K2WKHM00VRVZRZ92S57GS4J0/4x.webp
OOOO,01GSE8A49G00018WDRMDCKD989,https://cdn.7tv.app/emote/01GSE8A49G00018WDRMDCKD989/4x.webp
glazing,01JA6XDJM8000BBS32ST2AKQ2P,https://cdn.7tv.app/emote/01JA6XDJM8000BBS32ST2AKQ2P/4x.webp
jorkin,01HSCQYDJ80006X5PBHDB22PKE,https://cdn.7tv.app/emote/01HSCQYDJ80006X5PBHDB22PKE/4x.webp
jorkly,01JDAAWF8R62N26RMGN2W7XZX1,https://cdn.7tv.app/emote/01JDAAWF8R62N26RMGN2W7XZX1/4x.webp
KasciunasStare,01K3EN351VDB7YYY4J5JRADRF7,https://cdn.7tv.app/emote/01K3EN351VDB7YYY4J5JRADRF7/4x.webp
Jet2holidays,01K11G6H7ANW0PA23GKB6YKVCZ,https://cdn.7tv.app/emote/01K11G6H7ANW0PA23GKB6YKVCZ/4x.webp
WOOF,01G2N4DJW00000H6KYWY7XP9SV,https://cdn.7tv.app/emote/01G2N4DJW00000H6KYWY7XP9SV/4x.webp
bobr,01G1BD0CYR000A8NPDNXT5Z7F4,https://cdn.7tv.app/emote/01G1BD0CYR000A8NPDNXT5Z7F4/4x.webp
Honey,01FWC4NJJ80001G2Z4KNS5QPBM,https://cdn.7tv.app/emote/01FWC4NJJ80001G2Z4KNS5QPBM/4x.webp
Alright,01G4DHYBA8000FEPKKNQYW5JB0,https://cdn.7tv.app/emote/01G4DHYBA8000FEPKKNQYW5JB0/4x.webp
Pogchamp,01FD0HZD2G0009QXBMY7YYTYK3,https://cdn.7tv.app/emote/01FD0HZD2G0009QXBMY7YYTYK3/4x.webp
Bitrate,01G52PX0CR0008YP4SK58DWVE6,https://cdn.7tv.app/emote/01G52PX0CR0008YP4SK58DWVE6/4x.webp
MikoReact,01K4NB6HTK7QF5QGFJ4RX65GST,https://cdn.7tv.app/emote/01K4NB6HTK7QF5QGFJ4RX65GST/4x.webp
pauldeJorkin,01K4NDNQKA5SP1KPV8V39MCPVM,https://cdn.7tv.app/emote/01K4NDNQKA5SP1KPV8V39MCPVM/4x.webp
debubu,01K4NDQKB47FKPSYZPZGQB0TXR,https://cdn.7tv.app/emote/01K4NDQKB47FKPSYZPZGQB0TXR/4x.webp
PauldeNotLikeThis,01K4NGZNBJ0S2J534MZXKCTHKN,https://cdn.7tv.app/emote/01K4NGZNBJ0S2J534MZXKCTHKN/4x.webp
floppy,01HXJ1KMM800063MFF82T8488Q,https://cdn.7tv.app/emote/01HXJ1KMM800063MFF82T8488Q/4x.webp
conga,01HYKTXS600005W8H9YKVEN1JP,https://cdn.7tv.app/emote/01HYKTXS600005W8H9YKVEN1JP/4x.webp
TwoRatsGoingOnALateNightDrive,01HCBGGHD00003DZM5HVHF5TNZ,https://cdn.7tv.app/emote/01HCBGGHD00003DZM5HVHF5TNZ/4x.webp
smh,01FNA02VW0000EXJQ7MWJVSJG1,https://cdn.7tv.app/emote/01FNA02VW0000EXJQ7MWJVSJG1/4x.webp
speed,01HEMW2MM8000DXSBGE946X03N,https://cdn.7tv.app/emote/01HEMW2MM8000DXSBGE946X03N/4x.webp
ADHD,01GYN3GF58000FB1V2C5K9ZVXF,https://cdn.7tv.app/emote/01GYN3GF58000FB1V2C5K9ZVXF/4x.webp
FeelsBritishMan,01FTGXP1Q80003AV56G21Q65TX,https://cdn.7tv.app/emote/01FTGXP1Q80003AV56G21Q65TX/4x.webp
demikošė,01K550CB0A5JMP00DNY7YJE85D,https://cdn.7tv.app/emote/01K550CB0A5JMP00DNY7YJE85D/4x.webp
peepoTalkButFaster,01FTE193N0000EEFW15YMCQRFW,https://cdn.7tv.app/emote/01FTE193N0000EEFW15YMCQRFW/4x.webp
Smadge,01F763W03G0005BGS0Y3M6JDP9,https://cdn.7tv.app/emote/01F763W03G0005BGS0Y3M6JDP9/4x.webp
...,01JGCZTXGQMEQ3FGH2SM8033R6,https://cdn.7tv.app/emote/01JGCZTXGQMEQ3FGH2SM8033R6/4x.webp
AbsoliutusKinas,01K68Z9X0HM2N8RDRQ9WBPKVX3,https://cdn.7tv.app/emote/01K68Z9X0HM2N8RDRQ9WBPKVX3/4x.webp
dansi,01JNCMMSMK7WZ48ACN0YYFGSCR,https://cdn.7tv.app/emote/01JNCMMSMK7WZ48ACN0YYFGSCR/4x.webp
lturepSCHIZO,01HRJS1JSG000E6CRVZHEAPRSH,https://cdn.7tv.app/emote/01HRJS1JSG000E6CRVZHEAPRSH/4x.webp
ZOOM,01FGZNDHM000096T3FQZKZQRJ7,https://cdn.7tv.app/emote/01FGZNDHM000096T3FQZKZQRJ7/4x.webp
DRIFT,01HJEQ6PP000055RWFJ3SK7A8Q,https://cdn.7tv.app/emote/01HJEQ6PP000055RWFJ3SK7A8Q/4x.webp
yarisJam,01J716YPBR0004W63H31RP0ZJB,https://cdn.7tv.app/emote/01J716YPBR0004W63H31RP0ZJB/4x.webp
kultūra,01K6BRY4TCYYHM627HEZ3ETSN3,https://cdn.7tv.app/emote/01K6BRY4TCYYHM627HEZ3ETSN3/4x.webp
:3,01GDGK795G000CF58E0FY6XT24,https://cdn.7tv.app/emote/01GDGK795G000CF58E0FY6XT24/4x.webp
Gayge,01F7RHVTD0000FYG2760F37EWP,https://cdn.7tv.app/emote/01F7RHVTD0000FYG2760F37EWP/4x.webp
Oldge,01F6VRYWHG000ECZXVKQBHSCZW,https://cdn.7tv.app/emote/01F6VRYWHG000ECZXVKQBHSCZW/4x.webp
BLELELE,01GDV3XMF0000334CTEAMC87E2,https://cdn.7tv.app/emote/01GDV3XMF0000334CTEAMC87E2/4x.webp
fire,01GWTXK0Q0000C76PEHKBFMZVW,https://cdn.7tv.app/emote/01GWTXK0Q0000C76PEHKBFMZVW/4x.webp
beOlrite,01JR8S2X7CX0FNCXBQ7A5F2M41,https://cdn.7tv.app/emote/01JR8S2X7CX0FNCXBQ7A5F2M41/4x.webp
KayasRevenge,01K75W9RP7X1GQTMP6ZVM9HYY6,https://cdn.7tv.app/emote/01K75W9RP7X1GQTMP6ZVM9HYY6/4x.webp
POLICE,01HMEHDK6G000CCTN7937R5C87,https://cdn.7tv.app/emote/01HMEHDK6G000CCTN7937R5C87/4x.webp
Ramojus,01K8GYHJ2XNTMQ64WRPPEVKNE8,https://cdn.7tv.app/emote/01K8GYHJ2XNTMQ64WRPPEVKNE8/4x.webp
MULKIS,01K7MC0M1W9JWCBD6YX56VV7SA,https://cdn.7tv.app/emote/01K7MC0M1W9JWCBD6YX56VV7SA/4x.webp
FEET,01FY5PZ75G000B3B1F2P48BMPW,https://cdn.7tv.app/emote/01FY5PZ75G000B3B1F2P48BMPW/4x.webp
Fight,01J14WJMK800068734GKCYE5VD,https://cdn.7tv.app/emote/01J14WJMK800068734GKCYE5VD/4x.webp
aww,01H6QTVYMG000093SJ73R14VDY,https://cdn.7tv.app/emote/01H6QTVYMG000093SJ73R14VDY/4x.webp
DINKDONK,01H7GEY7ZR00090ZFJ59M8T3CX,https://cdn.7tv.app/emote/01H7GEY7ZR00090ZFJ59M8T3CX/4x.webp
oVaikeli,01KAA1D6TDA7S7ST0DRP9VT40N,https://cdn.7tv.app/emote/01KAA1D6TDA7S7ST0DRP9VT40N/4x.webp
deep,01GEHY32SR000B6WHR50T3P7J8,https://cdn.7tv.app/emote/01GEHY32SR000B6WHR50T3P7J8/4x.webp
unc,01J7H23TCR00083R3D97JFX6R7,https://cdn.7tv.app/emote/01J7H23TCR00083R3D97JFX6R7/4x.webp
???,01K8VF2H47SM618RQ3P1QY78T9,https://cdn.7tv.app/emote/01K8VF2H47SM618RQ3P1QY78T9/4x.webp
Clown,01G600E4H0000CM40ASKS08P4W,https://cdn.7tv.app/emote/01G600E4H0000CM40ASKS08P4W/4x.webp
SVIECIAT,01KD1A7JSJB9D5J8TK3FJJBTEN,https://cdn.7tv.app/emote/01KD1A7JSJB9D5J8TK3FJJBTEN/4x.webp
REIDAS,01G71NSGE8000C5DHX3RQKV6FZ,https://cdn.7tv.app/emote/01G71NSGE8000C5DHX3RQKV6FZ/4x.webp
