Emote Name,Image URL
EleGiggle,https://static-cdn.jtvnw.net/emoticons/v2/emotesv2_cb0cec2c9975497fa093be1c3276dd92/default/dark/3.0
NRWylder,https://static-cdn.jtvnw.net/emoticons/v2/emotesv2_37e6845ef2f14499904b9ef99e7039be/default/dark/3.0
DarthJarJar,https://static-cdn.jtvnw.net/emoticons/v2/emotesv2_d1f3a59775454943b4e2c6a6db8892a2/default/dark/3.0
StreamerU,https://static-cdn.jtvnw.net/emoticons/v2/emotesv2_0815281d279e4fa5a63da5ad847c0de7/default/dark/3.0
ZLANsup,https://static-cdn.jtvnw.net/emoticons/v2/emotesv2_bd02ce011d11477cba6b2753e19fbd55/default/dark/3.0
FeverFighter,https://static-cdn.jtvnw.net/emoticons/v2/emotesv2_fc2f39b6a62c4d7e832993eab17547d2/default/dark/3.0
McDZombieHamburglar,https://static-cdn.jtvnw.net/emoticons/v2/emotesv2_8e1771f1d00840d0b0e681a4b30b60e5/default/dark/3.0
WeDidThat,https://static-cdn.jtvnw.net/emoticons/v2/emotesv2_a7ab2c184e334d4a9784e6e5d51947f7/default/dark/3.0
PewPewPew,https://static-cdn.jtvnw.net/emoticons/v2/emotesv2_587405136a8147148c77df74baaa1bf4/default/dark/3.0
JinxLUL,https://static-cdn.jtvnw.net/emoticons/v2/emotesv2_4e1c5651219a462894aefa8b6720efc5/default/dark/3.0
FeelsVi,https://static-cdn.jtvnw.net/emoticons/v2/emotesv2_4b51b45f35df4dd8ad45a611c9a9ec35/default/dark/3.0
AmbessaLove,https://static-cdn.jtvnw.net/emoticons/v2/emotesv2_a829c76ca15f49a2bf71e1270f83fe83/default/dark/3.0
EkkoChest,https://static-cdn.jtvnw.net/emoticons/v2/emotesv2_db169cf5364e4634b529eef8b0616d94/default/dark/3.0
CaitThinking,https://static-cdn.jtvnw.net/emoticons/v2/emotesv2_50b3304bc0884c6792f13615db072a5c/default/dark/3.0
Cinheimer,https://static-cdn.jtvnw.net/emoticons/v2/emotesv2_d351c5d5e9084402b30bc39eaa3d92ae/default/dark/3.0
BratChat,https://static-cdn.jtvnw.net/emoticons/v2/emotesv2_f2fd474fbe964964b2570671575b39ea/default/dark/3.0
BigSad,https://static-cdn.jtvnw.net/emoticons/v2/emotesv2_db3cd788399347a8b2ebfb8a85f5badb/default/dark/3.0
AndalusianCrush,https://static-cdn.jtvnw.net/emoticons/v2/emotesv2_ed53f0877c984ddcadfa500347b1fd0c/default/dark/3.0
GRASSLORD,https://static-cdn.jtvnw.net/emoticons/v2/emotesv2_973cf33af6e14a92b7c5b970a9d55afd/default/dark/3.0
TWITH,https://static-cdn.jtvnw.net/emoticons/v2/emotesv2_5fa0f9da251941988f31b6d7632c021c/default/dark/3.0
SUBtember,https://static-cdn.jtvnw.net/emoticons/v2/emotesv2_bfb533e2253044f3a77d0032b2354c0b/default/dark/3.0
AnotherRecord,https://static-cdn.jtvnw.net/emoticons/v2/emotesv2_9eade28238d64e83b0219a9025d4692d/default/dark/3.0
BangbooBounce,https://static-cdn.jtvnw.net/emoticons/v2/emotesv2_f9feac06649548448b3127dd9bd7710e/default/dark/3.0
PopGhost,https://static-cdn.jtvnw.net/emoticons/v2/emotesv2_cff32f43571543828847738e27acf4ef/default/dark/3.0
KingWorldCup,https://static-cdn.jtvnw.net/emoticons/v2/emotesv2_533b8c4a9f6e4bfbb528ad39974e3481/default/dark/3.0
ChewyYAY,https://static-cdn.jtvnw.net/emoticons/v2/emotesv2_0e0a3592d8334ef5a1cfcae6f3e76acb/default/dark/3.0
GoatEmotey,https://static-cdn.jtvnw.net/emoticons/v2/emotesv2_e41e4d6808224f25ae1fb625aa26de63/default/dark/3.0
GoldPLZ,https://static-cdn.jtvnw.net/emoticons/v2/emotesv2_c1f4899e65cf4f53b2fd98e15733973a/default/dark/3.0
ForSigmar,https://static-cdn.jtvnw.net/emoticons/v2/emotesv2_db3385fb0ea54913bf58fa5554edfdf2/default/dark/3.0
TwitchConHYPE,https://static-cdn.jtvnw.net/emoticons/v2/emotesv2_13b6dd7f3a3146ef8dc10f66d8b42a96/default/dark/3.0
PopNemo,https://static-cdn.jtvnw.net/emoticons/v2/emotesv2_5d523adb8bbb4786821cd7091e47da21/default/dark/3.0
FlawlessVictory,https://static-cdn.jtvnw.net/emoticons/v2/emotesv2_0cb91e8a01c741fe9d4a0607f70395db/default/dark/3.0
PikaRamen,https://static-cdn.jtvnw.net/emoticons/v2/emotesv2_a25ad7124e584c949e2f63917e3d747a/default/dark/3.0
DinoDance,https://static-cdn.jtvnw.net/emoticons/v2/emotesv2_dcd06b30a5c24f6eb871e8f5edbd44f7/default/dark/3.0
NiceTry,https://static-cdn.jtvnw.net/emoticons/v2/emotesv2_1f524be9838146e3bc9e529c17f797d3/default/dark/3.0
LionOfYara,https://static-cdn.jtvnw.net/emoticons/v2/emotesv2_adfadf0ae06a4258adc865761746b227/default/dark/3.0
NewRecord,https://static-cdn.jtvnw.net/emoticons/v2/emotesv2_53f6a6af8b0e453d874bbefee49b3e73/default/dark/3.0
Lechonk,https://static-cdn.jtvnw.net/emoticons/v2/emotesv2_665235901db747b1bd395a5f1c0ab8a9/default/dark/3.0
Getcamped,https://static-cdn.jtvnw.net/emoticons/v2/emotesv2_291135bb36d24d33bf53860128b5095c/default/dark/3.0
SUBprise,https://static-cdn.jtvnw.net/emoticons/v2/emotesv2_fcbeed664f7c47d6ba3b57691275ef51/default/dark/3.0
FallHalp,https://static-cdn.jtvnw.net/emoticons/v2/emotesv2_7f9b025d534544afaf679e13fbd47b88/default/dark/3.0
FallCry,https://static-cdn.jtvnw.net/emoticons/v2/emotesv2_2734f1a85677416a9d8f846a2d1b4721/default/dark/3.0
FallWinning,https://static-cdn.jtvnw.net/emoticons/v2/emotesv2_dee4ecfb7f0940bead9765da02c57ca9/default/dark/3.0
MechaRobot,https://static-cdn.jtvnw.net/emoticons/v2/emotesv2_0be25a1663bd472495b91e0302cec166/default/dark/3.0
ImTyping,https://static-cdn.jtvnw.net/emoticons/v2/emotesv2_b0c6ccb3b12b4f99a9cc83af365a09f1/default/dark/3.0
Shush,https://static-cdn.jtvnw.net/emoticons/v2/emotesv2_819621bcb8f44566a1bd8ea63d06c58f/default/dark/3.0
MyAvatar,https://static-cdn.jtvnw.net/emoticons/v2/emotesv2_c0c9c932c82244ff920ad2134be90afb/default/dark/3.0
PizzaTime,https://static-cdn.jtvnw.net/emoticons/v2/emotesv2_f202746ed88f4e7c872b50b1f7fd78cc/default/dark/3.0
LaundryBasket,https://static-cdn.jtvnw.net/emoticons/v2/emotesv2_ecb0bfd49b3c4325864b948d46c8152b/default/dark/3.0
ModLove,https://static-cdn.jtvnw.net/emoticons/v2/emotesv2_a2dfbbbbf66f4a75b0f53db841523e6c/default/dark/3.0
PotFriend,https://static-cdn.jtvnw.net/emoticons/v2/emotesv2_e02650251d204198923de93a0c62f5f5/default/dark/3.0
Jebasted,https://static-cdn.jtvnw.net/emoticons/v2/emotesv2_031bf329c21040a897d55ef471da3dd3/default/dark/3.0
PogBones,https://static-cdn.jtvnw.net/emoticons/v2/emotesv2_30050f4353aa4322b25b6b044703e5d1/default/dark/3.0
PoroSad,https://static-cdn.jtvnw.net/emoticons/v2/emotesv2_4c39207000564711868f3196cc0a8748/default/dark/3.0
KEKHeim,https://static-cdn.jtvnw.net/emoticons/v2/emotesv2_7c5d25facc384c47963d25a5057a0b40/default/dark/3.0
CaitlynS,https://static-cdn.jtvnw.net/emoticons/v2/emotesv2_4acac638cffb4db49f376059f7077dae/default/dark/3.0
HarleyWink,https://static-cdn.jtvnw.net/emoticons/v2/emotesv2_8b0ac3eee4274a75868e3d0686d7b6f7/default/dark/3.0
WhySoSerious,https://static-cdn.jtvnw.net/emoticons/v2/emotesv2_1fda4a1b40094c93af334f8b60868a7c/default/dark/3.0
DarkKnight,https://static-cdn.jtvnw.net/emoticons/v2/emotesv2_d9567e500d78441793bee538dcabc1da/default/dark/3.0
FamilyMan,https://static-cdn.jtvnw.net/emoticons/v2/emotesv2_89f3f0761c7b4f708061e9e4be3b7d17/default/dark/3.0
RyuChamp,https://static-cdn.jtvnw.net/emoticons/v2/emotesv2_0ebc590ba68447269831af61d8bc9e0d/default/dark/3.0
HungryPaimon,https://static-cdn.jtvnw.net/emoticons/v2/emotesv2_535e40afa0b34a9481997627b1b47d96/default/dark/3.0
TransgenderPride,https://static-cdn.jtvnw.net/emoticons/v2/307827377/default/dark/3.0
PansexualPride,https://static-cdn.jtvnw.net/emoticons/v2/307827370/default/dark/3.0
NonbinaryPride,https://static-cdn.jtvnw.net/emoticons/v2/307827356/default/dark/3.0
LesbianPride,https://static-cdn.jtvnw.net/emoticons/v2/307827340/default/dark/3.0
IntersexPride,https://static-cdn.jtvnw.net/emoticons/v2/307827332/default/dark/3.0
GenderFluidPride,https://static-cdn.jtvnw.net/emoticons/v2/307827326/default/dark/3.0
GayPride,https://static-cdn.jtvnw.net/emoticons/v2/307827321/default/dark/3.0
BisexualPride,https://static-cdn.jtvnw.net/emoticons/v2/307827313/default/dark/3.0
AsexualPride,https://static-cdn.jtvnw.net/emoticons/v2/307827267/default/dark/3.0
PogChamp,https://static-cdn.jtvnw.net/emoticons/v2/305954156/default/dark/3.0
GlitchNRG,https://static-cdn.jtvnw.net/emoticons/v2/304489309/default/dark/3.0
GlitchLit,https://static-cdn.jtvnw.net/emoticons/v2/304489128/default/dark/3.0
StinkyGlitch,https://static-cdn.jtvnw.net/emoticons/v2/304486324/default/dark/3.0
GlitchCat,https://static-cdn.jtvnw.net/emoticons/v2/304486301/default/dark/3.0
FootGoal,https://static-cdn.jtvnw.net/emoticons/v2/302628617/default/dark/3.0
FootYellow,https://static-cdn.jtvnw.net/emoticons/v2/302628613/default/dark/3.0
FootBall,https://static-cdn.jtvnw.net/emoticons/v2/302628600/default/dark/3.0
BlackLivesMatter,https://static-cdn.jtvnw.net/emoticons/v2/302537250/default/dark/3.0
ExtraLife,https://static-cdn.jtvnw.net/emoticons/v2/302426269/default/dark/3.0
VirtualHug,https://static-cdn.jtvnw.net/emoticons/v2/301696583/default/dark/3.0
R-),https://static-cdn.jtvnw.net/emoticons/v2/555555600/default/dark/3.0
R),https://static-cdn.jtvnw.net/emoticons/v2/555555599/default/dark/3.0
;-p,https://static-cdn.jtvnw.net/emoticons/v2/555555598/default/dark/3.0
;p,https://static-cdn.jtvnw.net/emoticons/v2/555555597/default/dark/3.0
;-P,https://static-cdn.jtvnw.net/emoticons/v2/555555596/default/dark/3.0
;P,https://static-cdn.jtvnw.net/emoticons/v2/555555595/default/dark/3.0
:-p,https://static-cdn.jtvnw.net/emoticons/v2/555555594/default/dark/3.0
:p,https://static-cdn.jtvnw.net/emoticons/v2/555555593/default/dark/3.0
:-P,https://static-cdn.jtvnw.net/emoticons/v2/555555592/default/dark/3.0
:P,https://static-cdn.jtvnw.net/emoticons/v2/555555591/default/dark/3.0
;-),https://static-cdn.jtvnw.net/emoticons/v2/555555590/default/dark/3.0
;),https://static-cdn.jtvnw.net/emoticons/v2/555555589/default/dark/3.0
:-\,https://static-cdn.jtvnw.net/emoticons/v2/555555588/default/dark/3.0
:\,https://static-cdn.jtvnw.net/emoticons/v2/555555587/default/dark/3.0
:-/,https://static-cdn.jtvnw.net/emoticons/v2/555555586/default/dark/3.0
:/,https://static-cdn.jtvnw.net/emoticons/v2/555555585/default/dark/3.0
<3,https://static-cdn.jtvnw.net/emoticons/v2/555555584/default/dark/3.0
:-o,https://static-cdn.jtvnw.net/emoticons/v2/555555583/default/dark/3.0
:o,https://static-cdn.jtvnw.net/emoticons/v2/555555582/default/dark/3.0
:-O,https://static-cdn.jtvnw.net/emoticons/v2/555555581/default/dark/3.0
:O,https://static-cdn.jtvnw.net/emoticons/v2/555555580/default/dark/3.0
8-),https://static-cdn.jtvnw.net/emoticons/v2/555555579/default/dark/3.0
B-),https://static-cdn.jtvnw.net/emoticons/v2/555555578/default/dark/3.0
B),https://static-cdn.jtvnw.net/emoticons/v2/555555577/default/dark/3.0
o.o,https://static-cdn.jtvnw.net/emoticons/v2/555555576/default/dark/3.0
o_o,https://static-cdn.jtvnw.net/emoticons/v2/555555575/default/dark/3.0
o.O,https://static-cdn.jtvnw.net/emoticons/v2/555555574/default/dark/3.0
o_O,https://static-cdn.jtvnw.net/emoticons/v2/555555573/default/dark/3.0
O.O,https://static-cdn.jtvnw.net/emoticons/v2/555555572/default/dark/3.0
O_O,https://static-cdn.jtvnw.net/emoticons/v2/555555571/default/dark/3.0
O.o,https://static-cdn.jtvnw.net/emoticons/v2/555555570/default/dark/3.0
O_o,https://static-cdn.jtvnw.net/emoticons/v2/555555569/default/dark/3.0
:-Z,https://static-cdn.jtvnw.net/emoticons/v2/555555568/default/dark/3.0
:Z,https://static-cdn.jtvnw.net/emoticons/v2/555555567/default/dark/3.0
:-z,https://static-cdn.jtvnw.net/emoticons/v2/555555566/default/dark/3.0
:z,https://static-cdn.jtvnw.net/emoticons/v2/555555565/default/dark/3.0
:-|,https://static-cdn.jtvnw.net/emoticons/v2/555555564/default/dark/3.0
:|,https://static-cdn.jtvnw.net/emoticons/v2/555555563/default/dark/3.0
>(,https://static-cdn.jtvnw.net/emoticons/v2/555555562/default/dark/3.0
:-D,https://static-cdn.jtvnw.net/emoticons/v2/555555561/default/dark/3.0
:D,https://static-cdn.jtvnw.net/emoticons/v2/555555560/default/dark/3.0
:-(,https://static-cdn.jtvnw.net/emoticons/v2/555555559/default/dark/3.0
:(,https://static-cdn.jtvnw.net/emoticons/v2/555555558/default/dark/3.0
:-),https://static-cdn.jtvnw.net/emoticons/v2/555555557/default/dark/3.0
BOP,https://static-cdn.jtvnw.net/emoticons/v2/301428702/default/dark/3.0
SingsNote,https://static-cdn.jtvnw.net/emoticons/v2/300116350/default/dark/3.0
SingsMic,https://static-cdn.jtvnw.net/emoticons/v2/300116349/default/dark/3.0
TwitchSings,https://static-cdn.jtvnw.net/emoticons/v2/300116344/default/dark/3.0
SoonerLater,https://static-cdn.jtvnw.net/emoticons/v2/2113050/default/dark/3.0
HolidayTree,https://static-cdn.jtvnw.net/emoticons/v2/1713825/default/dark/3.0
HolidaySanta,https://static-cdn.jtvnw.net/emoticons/v2/1713822/default/dark/3.0
HolidayPresent,https://static-cdn.jtvnw.net/emoticons/v2/1713819/default/dark/3.0
HolidayLog,https://static-cdn.jtvnw.net/emoticons/v2/1713816/default/dark/3.0
HolidayCookie,https://static-cdn.jtvnw.net/emoticons/v2/1713813/default/dark/3.0
GunRun,https://static-cdn.jtvnw.net/emoticons/v2/1584743/default/dark/3.0
PixelBob,https://static-cdn.jtvnw.net/emoticons/v2/1547903/default/dark/3.0
FBPenalty,https://static-cdn.jtvnw.net/emoticons/v2/1441289/default/dark/3.0
FBChallenge,https://static-cdn.jtvnw.net/emoticons/v2/1441285/default/dark/3.0
FBCatch,https://static-cdn.jtvnw.net/emoticons/v2/1441281/default/dark/3.0
FBBlock,https://static-cdn.jtvnw.net/emoticons/v2/1441276/default/dark/3.0
FBSpiral,https://static-cdn.jtvnw.net/emoticons/v2/1441273/default/dark/3.0
FBPass,https://static-cdn.jtvnw.net/emoticons/v2/1441271/default/dark/3.0
FBRun,https://static-cdn.jtvnw.net/emoticons/v2/1441261/default/dark/3.0
MaxLOL,https://static-cdn.jtvnw.net/emoticons/v2/1290325/default/dark/3.0
TwitchRPG,https://static-cdn.jtvnw.net/emoticons/v2/1220086/default/dark/3.0
PinkMercy,https://static-cdn.jtvnw.net/emoticons/v2/1003190/default/dark/3.0
MercyWing2,https://static-cdn.jtvnw.net/emoticons/v2/1003189/default/dark/3.0
MercyWing1,https://static-cdn.jtvnw.net/emoticons/v2/1003187/default/dark/3.0
PartyHat,https://static-cdn.jtvnw.net/emoticons/v2/965738/default/dark/3.0
EarthDay,https://static-cdn.jtvnw.net/emoticons/v2/959018/default/dark/3.0
TombRaid,https://static-cdn.jtvnw.net/emoticons/v2/864205/default/dark/3.0
PopCorn,https://static-cdn.jtvnw.net/emoticons/v2/724216/default/dark/3.0
FBtouchdown,https://static-cdn.jtvnw.net/emoticons/v2/626795/default/dark/3.0
TPFufun,https://static-cdn.jtvnw.net/emoticons/v2/508650/default/dark/3.0
TwitchVotes,https://static-cdn.jtvnw.net/emoticons/v2/479745/default/dark/3.0
DarkMode,https://static-cdn.jtvnw.net/emoticons/v2/461298/default/dark/3.0
HSWP,https://static-cdn.jtvnw.net/emoticons/v2/446979/default/dark/3.0
HSCheers,https://static-cdn.jtvnw.net/emoticons/v2/444572/default/dark/3.0
PowerUpL,https://static-cdn.jtvnw.net/emoticons/v2/425688/default/dark/3.0
PowerUpR,https://static-cdn.jtvnw.net/emoticons/v2/425671/default/dark/3.0
LUL,https://static-cdn.jtvnw.net/emoticons/v2/425618/default/dark/3.0
EntropyWins,https://static-cdn.jtvnw.net/emoticons/v2/376765/default/dark/3.0
TPcrunchyroll,https://static-cdn.jtvnw.net/emoticons/v2/323914/default/dark/3.0
TwitchUnity,https://static-cdn.jtvnw.net/emoticons/v2/196892/default/dark/3.0
Squid4,https://static-cdn.jtvnw.net/emoticons/v2/191767/default/dark/3.0
Squid3,https://static-cdn.jtvnw.net/emoticons/v2/191764/default/dark/3.0
Squid2,https://static-cdn.jtvnw.net/emoticons/v2/191763/default/dark/3.0
Squid1,https://static-cdn.jtvnw.net/emoticons/v2/191762/default/dark/3.0
CrreamAwk,https://static-cdn.jtvnw.net/emoticons/v2/191313/default/dark/3.0
CarlSmile,https://static-cdn.jtvnw.net/emoticons/v2/166266/default/dark/3.0
TwitchLit,https://static-cdn.jtvnw.net/emoticons/v2/166263/default/dark/3.0
TehePelo,https://static-cdn.jtvnw.net/emoticons/v2/160404/default/dark/3.0
TearGlove,https://static-cdn.jtvnw.net/emoticons/v2/160403/default/dark/3.0
SabaPing,https://static-cdn.jtvnw.net/emoticons/v2/160402/default/dark/3.0
PunOko,https://static-cdn.jtvnw.net/emoticons/v2/160401/default/dark/3.0
KonCha,https://static-cdn.jtvnw.net/emoticons/v2/160400/default/dark/3.0
Kappu,https://static-cdn.jtvnw.net/emoticons/v2/160397/default/dark/3.0
InuyoFace,https://static-cdn.jtvnw.net/emoticons/v2/160396/default/dark/3.0
BigPhish,https://static-cdn.jtvnw.net/emoticons/v2/160395/default/dark/3.0
BegWan,https://static-cdn.jtvnw.net/emoticons/v2/160394/default/dark/3.0
ThankEgg,https://static-cdn.jtvnw.net/emoticons/v2/160392/default/dark/3.0
MorphinTime,https://static-cdn.jtvnw.net/emoticons/v2/156787/default/dark/3.0
TheIlluminati,https://static-cdn.jtvnw.net/emoticons/v2/145315/default/dark/3.0
TBAngel,https://static-cdn.jtvnw.net/emoticons/v2/143490/default/dark/3.0
MVGame,https://static-cdn.jtvnw.net/emoticons/v2/142140/default/dark/3.0
NinjaGrumpy,https://static-cdn.jtvnw.net/emoticons/v2/138325/default/dark/3.0
PartyTime,https://static-cdn.jtvnw.net/emoticons/v2/135393/default/dark/3.0
RlyTho,https://static-cdn.jtvnw.net/emoticons/v2/134256/default/dark/3.0
UWot,https://static-cdn.jtvnw.net/emoticons/v2/134255/default/dark/3.0
YouDontSay,https://static-cdn.jtvnw.net/emoticons/v2/134254/default/dark/3.0
KAPOW,https://static-cdn.jtvnw.net/emoticons/v2/133537/default/dark/3.0
ItsBoshyTime,https://static-cdn.jtvnw.net/emoticons/v2/133468/default/dark/3.0
CoolStoryBob,https://static-cdn.jtvnw.net/emoticons/v2/123171/default/dark/3.0
TriHard,https://static-cdn.jtvnw.net/emoticons/v2/120232/default/dark/3.0
SuperVinlin,https://static-cdn.jtvnw.net/emoticons/v2/118772/default/dark/3.0
FreakinStinkin,https://static-cdn.jtvnw.net/emoticons/v2/117701/default/dark/3.0
Poooound,https://static-cdn.jtvnw.net/emoticons/v2/117484/default/dark/3.0
CurseLit,https://static-cdn.jtvnw.net/emoticons/v2/116625/default/dark/3.0
BatChest,https://static-cdn.jtvnw.net/emoticons/v2/115234/default/dark/3.0
BrainSlug,https://static-cdn.jtvnw.net/emoticons/v2/115233/default/dark/3.0
PrimeMe,https://static-cdn.jtvnw.net/emoticons/v2/115075/default/dark/3.0
StrawBeary,https://static-cdn.jtvnw.net/emoticons/v2/114876/default/dark/3.0
RaccAttack,https://static-cdn.jtvnw.net/emoticons/v2/114870/default/dark/3.0
UncleNox,https://static-cdn.jtvnw.net/emoticons/v2/114856/default/dark/3.0
WTRuck,https://static-cdn.jtvnw.net/emoticons/v2/114847/default/dark/3.0
TooSpicy,https://static-cdn.jtvnw.net/emoticons/v2/114846/default/dark/3.0
Jebaited,https://static-cdn.jtvnw.net/emoticons/v2/114836/default/dark/3.0
DogFace,https://static-cdn.jtvnw.net/emoticons/v2/114835/default/dark/3.0
BlargNaut,https://static-cdn.jtvnw.net/emoticons/v2/114738/default/dark/3.0
TakeNRG,https://static-cdn.jtvnw.net/emoticons/v2/112292/default/dark/3.0
GivePLZ,https://static-cdn.jtvnw.net/emoticons/v2/112291/default/dark/3.0
imGlitch,https://static-cdn.jtvnw.net/emoticons/v2/112290/default/dark/3.0
pastaThat,https://static-cdn.jtvnw.net/emoticons/v2/112289/default/dark/3.0
copyThis,https://static-cdn.jtvnw.net/emoticons/v2/112288/default/dark/3.0
UnSane,https://static-cdn.jtvnw.net/emoticons/v2/111792/default/dark/3.0
DatSheffy,https://static-cdn.jtvnw.net/emoticons/v2/111700/default/dark/3.0
TheTarFu,https://static-cdn.jtvnw.net/emoticons/v2/111351/default/dark/3.0
PicoMause,https://static-cdn.jtvnw.net/emoticons/v2/111300/default/dark/3.0
TinyFace,https://static-cdn.jtvnw.net/emoticons/v2/111119/default/dark/3.0
DxCat,https://static-cdn.jtvnw.net/emoticons/v2/110734/default/dark/3.0
RuleFive,https://static-cdn.jtvnw.net/emoticons/v2/107030/default/dark/3.0
VoteNay,https://static-cdn.jtvnw.net/emoticons/v2/106294/default/dark/3.0
VoteYea,https://static-cdn.jtvnw.net/emoticons/v2/106293/default/dark/3.0
PJSugar,https://static-cdn.jtvnw.net/emoticons/v2/102556/default/dark/3.0
DoritosChip,https://static-cdn.jtvnw.net/emoticons/v2/102242/default/dark/3.0
OpieOP,https://static-cdn.jtvnw.net/emoticons/v2/100590/default/dark/3.0
FutureMan,https://static-cdn.jtvnw.net/emoticons/v2/98562/default/dark/3.0
ChefFrank,https://static-cdn.jtvnw.net/emoticons/v2/90129/default/dark/3.0
StinkyCheese,https://static-cdn.jtvnw.net/emoticons/v2/90076/default/dark/3.0
NomNom,https://static-cdn.jtvnw.net/emoticons/v2/90075/default/dark/3.0
SmoocherZ,https://static-cdn.jtvnw.net/emoticons/v2/89945/default/dark/3.0
cmonBruh,https://static-cdn.jtvnw.net/emoticons/v2/84608/default/dark/3.0
KappaWealth,https://static-cdn.jtvnw.net/emoticons/v2/81997/default/dark/3.0
MikeHogu,https://static-cdn.jtvnw.net/emoticons/v2/81636/default/dark/3.0
VoHiYo,https://static-cdn.jtvnw.net/emoticons/v2/81274/default/dark/3.0
KomodoHype,https://static-cdn.jtvnw.net/emoticons/v2/81273/default/dark/3.0
SeriousSloth,https://static-cdn.jtvnw.net/emoticons/v2/81249/default/dark/3.0
OSFrog,https://static-cdn.jtvnw.net/emoticons/v2/81248/default/dark/3.0
OhMyDog,https://static-cdn.jtvnw.net/emoticons/v2/81103/default/dark/3.0
KappaClaus,https://static-cdn.jtvnw.net/emoticons/v2/74510/default/dark/3.0
KappaRoss,https://static-cdn.jtvnw.net/emoticons/v2/70433/default/dark/3.0
MingLee,https://static-cdn.jtvnw.net/emoticons/v2/68856/default/dark/3.0
SeemsGood,https://static-cdn.jtvnw.net/emoticons/v2/64138/default/dark/3.0
twitchRaid,https://static-cdn.jtvnw.net/emoticons/v2/62836/default/dark/3.0
bleedPurple,https://static-cdn.jtvnw.net/emoticons/v2/62835/default/dark/3.0
duDudu,https://static-cdn.jtvnw.net/emoticons/v2/62834/default/dark/3.0
riPepperonis,https://static-cdn.jtvnw.net/emoticons/v2/62833/default/dark/3.0
NotLikeThis,https://static-cdn.jtvnw.net/emoticons/v2/58765/default/dark/3.0
DendiFace,https://static-cdn.jtvnw.net/emoticons/v2/58135/default/dark/3.0
CoolCat,https://static-cdn.jtvnw.net/emoticons/v2/58127/default/dark/3.0
KappaPride,https://static-cdn.jtvnw.net/emoticons/v2/55338/default/dark/3.0
ShadyLulu,https://static-cdn.jtvnw.net/emoticons/v2/52492/default/dark/3.0
ArgieB8,https://static-cdn.jtvnw.net/emoticons/v2/51838/default/dark/3.0
CorgiDerp,https://static-cdn.jtvnw.net/emoticons/v2/49106/default/dark/3.0
PraiseIt,https://static-cdn.jtvnw.net/emoticons/v2/38586/default/dark/3.0
TTours,https://static-cdn.jtvnw.net/emoticons/v2/38436/default/dark/3.0
mcaT,https://static-cdn.jtvnw.net/emoticons/v2/35063/default/dark/3.0
NotATK,https://static-cdn.jtvnw.net/emoticons/v2/34875/default/dark/3.0
HeyGuys,https://static-cdn.jtvnw.net/emoticons/v2/30259/default/dark/3.0
Mau5,https://static-cdn.jtvnw.net/emoticons/v2/30134/default/dark/3.0
PRChase,https://static-cdn.jtvnw.net/emoticons/v2/28328/default/dark/3.0
WutFace,https://static-cdn.jtvnw.net/emoticons/v2/28087/default/dark/3.0
BuddhaBar,https://static-cdn.jtvnw.net/emoticons/v2/27602/default/dark/3.0
PermaSmug,https://static-cdn.jtvnw.net/emoticons/v2/27509/default/dark/3.0
panicBasket,https://static-cdn.jtvnw.net/emoticons/v2/22998/default/dark/3.0
BabyRage,https://static-cdn.jtvnw.net/emoticons/v2/22639/default/dark/3.0
HassaanChop,https://static-cdn.jtvnw.net/emoticons/v2/20225/default/dark/3.0
TheThing,https://static-cdn.jtvnw.net/emoticons/v2/7427/default/dark/3.0
RitzMitz,https://static-cdn.jtvnw.net/emoticons/v2/4338/default/dark/3.0
YouWHY,https://static-cdn.jtvnw.net/emoticons/v2/4337/default/dark/3.0
PipeHype,https://static-cdn.jtvnw.net/emoticons/v2/4240/default/dark/3.0
BrokeBack,https://static-cdn.jtvnw.net/emoticons/v2/4057/default/dark/3.0
ANELE,https://static-cdn.jtvnw.net/emoticons/v2/3792/default/dark/3.0
PanicVis,https://static-cdn.jtvnw.net/emoticons/v2/3668/default/dark/3.0
GrammarKing,https://static-cdn.jtvnw.net/emoticons/v2/3632/default/dark/3.0
PeoplesChamp,https://static-cdn.jtvnw.net/emoticons/v2/3412/default/dark/3.0
SoBayed,https://static-cdn.jtvnw.net/emoticons/v2/1906/default/dark/3.0
BigBrother,https://static-cdn.jtvnw.net/emoticons/v2/1904/default/dark/3.0
Keepo,https://static-cdn.jtvnw.net/emoticons/v2/1902/default/dark/3.0
Kippa,https://static-cdn.jtvnw.net/emoticons/v2/1901/default/dark/3.0
RalpherZ,https://static-cdn.jtvnw.net/emoticons/v2/1900/default/dark/3.0
TF2John,https://static-cdn.jtvnw.net/emoticons/v2/1899/default/dark/3.0
ThunBeast,https://static-cdn.jtvnw.net/emoticons/v2/1898/default/dark/3.0
WholeWheat,https://static-cdn.jtvnw.net/emoticons/v2/1896/default/dark/3.0
DAESuppy,https://static-cdn.jtvnw.net/emoticons/v2/973/default/dark/3.0
FailFish,https://static-cdn.jtvnw.net/emoticons/v2/360/default/dark/3.0
HotPokket,https://static-cdn.jtvnw.net/emoticons/v2/357/default/dark/3.0
4Head,https://static-cdn.jtvnw.net/emoticons/v2/354/default/dark/3.0
ResidentSleeper,https://static-cdn.jtvnw.net/emoticons/v2/245/default/dark/3.0
FUNgineer,https://static-cdn.jtvnw.net/emoticons/v2/244/default/dark/3.0
PMSTwin,https://static-cdn.jtvnw.net/emoticons/v2/92/default/dark/3.0
ShazBotstix,https://static-cdn.jtvnw.net/emoticons/v2/87/default/dark/3.0
AsianGlow,https://static-cdn.jtvnw.net/emoticons/v2/74/default/dark/3.0
DBstyle,https://static-cdn.jtvnw.net/emoticons/v2/73/default/dark/3.0
BloodTrail,https://static-cdn.jtvnw.net/emoticons/v2/69/default/dark/3.0
OneHand,https://static-cdn.jtvnw.net/emoticons/v2/66/default/dark/3.0
FrankerZ,https://static-cdn.jtvnw.net/emoticons/v2/65/default/dark/3.0
SMOrc,https://static-cdn.jtvnw.net/emoticons/v2/52/default/dark/3.0
ArsonNoSexy,https://static-cdn.jtvnw.net/emoticons/v2/50/default/dark/3.0
PunchTrees,https://static-cdn.jtvnw.net/emoticons/v2/47/default/dark/3.0
SSSsss,https://static-cdn.jtvnw.net/emoticons/v2/46/default/dark/3.0
Kreygasm,https://static-cdn.jtvnw.net/emoticons/v2/41/default/dark/3.0
KevinTurtle,https://static-cdn.jtvnw.net/emoticons/v2/40/default/dark/3.0
PJSalt,https://static-cdn.jtvnw.net/emoticons/v2/36/default/dark/3.0
SwiftRage,https://static-cdn.jtvnw.net/emoticons/v2/34/default/dark/3.0
DansGame,https://static-cdn.jtvnw.net/emoticons/v2/33/default/dark/3.0
GingerPower,https://static-cdn.jtvnw.net/emoticons/v2/32/default/dark/3.0
BCWarrior,https://static-cdn.jtvnw.net/emoticons/v2/30/default/dark/3.0
MrDestructoid,https://static-cdn.jtvnw.net/emoticons/v2/28/default/dark/3.0
JonCarnage,https://static-cdn.jtvnw.net/emoticons/v2/26/default/dark/3.0
Kappa,https://static-cdn.jtvnw.net/emoticons/v2/25/default/dark/3.0
RedCoat,https://static-cdn.jtvnw.net/emoticons/v2/22/default/dark/3.0
TheRinger,https://static-cdn.jtvnw.net/emoticons/v2/18/default/dark/3.0
StoneLightning,https://static-cdn.jtvnw.net/emoticons/v2/17/default/dark/3.0
OptimizePrime,https://static-cdn.jtvnw.net/emoticons/v2/16/default/dark/3.0
JKanStyle,https://static-cdn.jtvnw.net/emoticons/v2/15/default/dark/3.0
R),https://static-cdn.jtvnw.net/emoticons/v2/14/default/dark/3.0
;P,https://static-cdn.jtvnw.net/emoticons/v2/13/default/dark/3.0
:P,https://static-cdn.jtvnw.net/emoticons/v2/12/default/dark/3.0
;),https://static-cdn.jtvnw.net/emoticons/v2/11/default/dark/3.0
:/,https://static-cdn.jtvnw.net/emoticons/v2/10/default/dark/3.0
<3,https://static-cdn.jtvnw.net/emoticons/v2/9/default/dark/3.0
:O,https://static-cdn.jtvnw.net/emoticons/v2/8/default/dark/3.0
B),https://static-cdn.jtvnw.net/emoticons/v2/7/default/dark/3.0
O_o,https://static-cdn.jtvnw.net/emoticons/v2/6/default/dark/3.0
:|,https://static-cdn.jtvnw.net/emoticons/v2/5/default/dark/3.0
>(,https://static-cdn.jtvnw.net/emoticons/v2/4/default/dark/3.0
:D,https://static-cdn.jtvnw.net/emoticons/v2/3/default/dark/3.0
:(,https://static-cdn.jtvnw.net/emoticons/v2/2/default/dark/3.0
:),https://static-cdn.jtvnw.net/emoticons/v2/1/default/dark/3.0
